inducing_commit,fixing_commit
9ac1348,70dc98f
9936558,70dc98f
6133775,70dc98f
9ac1348,0ae9e20
9ac1348,1119242
2ee5cad,a917b48
ceb805f,a917b48
c6e5864,321f9e7
2c7cfd7,321f9e7
9aee2ae,321f9e7
dd4b63a,629ce88
2ee5cad,27f236b
db323cc,27f236b
5f7581f,48933c5
9ac1348,48933c5
a714704,48933c5
d48fa29,48933c5
5e611bf,be93c11
f3dc144,709b659
1d5b8de,709b659
cdb1e3d,709b659
07e00c4,709b659
9ac1348,709b659
ca54bd1,709b659
e6eb7fc,709b659
6382bc6,709b659
9ac1348,f469813
ff2753a,f469813
4338878,5934eb8
48933c5,c4ed799
78f879f,4bc20b8
4d8767c,4bc20b8
db323cc,0c9f793
35d25e3,072e792
2ee5cad,072e792
1a996c3,072e792
ceb805f,072e792
0fb23e0,072e792
a917b48,072e792
abc4208,072e792
db323cc,072e792
ac79e19,072e792
5411d19,072e792
28e323c,072e792
9ac1348,a0bc032
56b595d,73805a7
2ee5cad,12001fd
3246649,f5936f9
6d255dd,f5936f9
7634db7,d4d6641
db323cc,d4d6641
28e35ce,d4d6641
4cee9f8,d4d6641
6ac70c5,d4d6641
e2038ab,d4d6641
f68bbbb,d4d6641
9ac1348,d4d6641
c6e5864,d4d6641
78f879f,c1701de
2ee5cad,458db4b
2ee5cad,7d9d363
abc4208,7d9d363
28e323c,7d9d363
eaf8a0b,7d9d363
abc4208,1be7196
1a996c3,1be7196
28e323c,1be7196
c51fee3,2965b76
9ac1348,2965b76
08b750e,2965b76
7bb21c9,2965b76
be02e52,2965b76
d1f67e9,2965b76
5a1b6ec,2965b76
9ac1348,f34bc9f
c51fee3,f34bc9f
dd4b63a,ea6d0ee
be02e52,ea6d0ee
d1f67e9,ea6d0ee
9ac1348,ea6d0ee
9ac1348,c651b54
5c7d4c9,33bbc61
f8c4ba0,b242eb1
9d404ad,b242eb1
ade89d1,b242eb1
2d01f72,b242eb1
7d9d363,b242eb1
eaf8a0b,b242eb1
ac79e19,b242eb1
c2b15ba,b242eb1
1a996c3,b242eb1
28e323c,b242eb1
fbd6328,b242eb1
819fbd0,b242eb1
c6e5864,b242eb1
fccf379,b242eb1
94b6e6f,b242eb1
2ffc41c,b242eb1
abc4208,b242eb1
bc55398,b242eb1
db323cc,b242eb1
e3daaa3,384440e
fb8bdd5,384440e
9ac1348,384440e
07335e8,384440e
fdac717,384440e
21c91af,384440e
0f85aa8,384440e
0b60891,384440e
383f043,384440e
ac79e19,ca2e6c8
78f879f,ca2e6c8
eaf8a0b,dfe687d
ea0f4a8,323c70e
9ac1348,323c70e
78f879f,323c70e
3037c4e,323c70e
2600b6e,323c70e
5dc1867,323c70e
bcaf4c4,323c70e
2ede9b1,323c70e
81dec58,323c70e
ce27d19,323c70e
406bc00,3d92bb5
cf934a8,3d92bb5
1ca728b,3d92bb5
65b857a,3d92bb5
539009b,3d92bb5
5e535e8,3d92bb5
d26baf5,3d92bb5
383f043,3d92bb5
f4f405a,8d571d6
9ac1348,8d571d6
9ac1348,99430d3
9293514,99430d3
30ba0c3,99430d3
f4f405a,99430d3
61b876b,285c5cc
cfd2810,285c5cc
2ffc41c,285c5cc
564c4e1,285c5cc
1030a6d,285c5cc
05b25a8,46f4bc9
9ac1348,a0c9546
7fdcf5f,73fbe11
9ac1348,a619f57
16980ff,a619f57
24ba957,a619f57
1030a6d,f2b494b
d0cf194,f2b494b
2ee5cad,f2b494b
4c7c42d,f2b494b
63232f4,f2b494b
9ac1348,f2b494b
06a15c0,f2b494b
72bd38a,f2b494b
6d255dd,f2b494b
cf934a8,f2b494b
3246649,f2b494b
de3287e,f2b494b
758b294,f2b494b
12c46bd,f2b494b
0ae9e20,f2b494b
ba5a194,f2b494b
7859cdc,f2b494b
c4e0e95,f2b494b
3364ba8,f2b494b
1e22530,f2b494b
ee1afee,f2b494b
ade2888,f2b494b
9ac1348,d1e2d98
d3dd692,f4ec6fa
5a1b6ec,f4ec6fa
fbd6328,6b15e34
9aee2ae,6b15e34
94ef44e,6b15e34
fdac717,6b15e34
9b53b97,6b15e34
9ac1348,6b15e34
2ffc41c,9a7bf72
9ac1348,9a7bf72
6a71e95,288e4b7
9ac1348,13a59e9
57dcfdb,13a59e9
5adee35,13a59e9
69baaad,13a59e9
26c802b,13a59e9
409cb41,13a59e9
061381a,24ea745
28e35ce,24ea745
2ee5cad,24ea745
7176479,24ea745
9b8b971,24ea745
8e8f8d2,24ea745
0c9f793,24ea745
ff4e884,24ea745
1410667,6d87d1d
4a9fb23,6d87d1d
6c97c6e,6d87d1d
78f879f,0000146
bb41826,0000146
c6e5864,0000146
7fdcf5f,0000146
1a996c3,0000146
db323cc,0000146
47d9414,0000146
549f6e8,0000146
69baaad,0000146
9ac1348,0000146
f810ecc,0000146
ce27d19,0000146
8652856,0000146
7848132,0e67d55
e9fb2e7,0e67d55
1252ecf,41c4ef4
2ffc41c,a28d8f0
2ee5cad,a28d8f0
9ac1348,a28d8f0
f64b5a2,a28d8f0
ade2888,a28d8f0
fdf73bf,a28d8f0
46cfe5c,aa3dce2
70eb3a8,aa3dce2
69baaad,684e6a3
a0bc032,684e6a3
9ac1348,ab8b84d
abc4208,79c64a6
9ac1348,79c64a6
aed599c,79c64a6
1410667,79c64a6
2ee5cad,79c64a6
03f53ed,79c64a6
9c56765,79c64a6
a714704,79c64a6
cf934a8,79c64a6
12c46bd,79c64a6
69baaad,79c64a6
3246649,79c64a6
69baaad,a6a06e0
2965b76,a6a06e0
f34bc9f,a9c722d
21adc28,a9c722d
473cb2d,a9c722d
69baaad,a9c722d
577aea1,a9c722d
4f64200,a9c722d
f7aee32,a9c722d
15c2d2d,a9c722d
9ac1348,a9c722d
b74d34e,a9c722d
f2d5044,c34ac11
69baaad,c84cf93
9ac1348,4782a8f
d1f67e9,4782a8f
9aee2ae,4782a8f
c0d6986,bd7ba4d
f62fdf3,bd7ba4d
fc510ff,bd7ba4d
7634db7,bd7ba4d
f8c4ba0,55633ff
69baaad,308d98f
dfaeea8,308d98f
772faff,d4093a4
f2d5044,d4093a4
69baaad,d4093a4
0c0da6f,d4093a4
ca67759,d4093a4
f6655ef,d4093a4
429930b,d4093a4
21f73df,d4093a4
dfaeea8,d4093a4
2ffc41c,d4093a4
0fb23e0,d4093a4
abc4208,d4093a4
4f64200,d4093a4
db94939,d4093a4
ca67759,1d9bf22
6a71e95,1d9bf22
69baaad,1d9bf22
288e4b7,1d9bf22
2ee5cad,f95c0de
f2d5044,cf67b44
2ffc41c,7448af7
ade2888,7448af7
fdf73bf,7448af7
69baaad,7448af7
ac79e19,7448af7
c24c6f6,7448af7
2ffc41c,125dfcf
abc4208,125dfcf
c6e5864,125dfcf
f6655ef,125dfcf
383f043,2646e33
69baaad,2646e33
2ee5cad,2646e33
7f7c41b,2646e33
21adc28,2646e33
abc4208,2646e33
3263a09,2646e33
9ac1348,2646e33
da23afd,2646e33
4f64200,2646e33
5536aa1,2646e33
f7aee32,2646e33
7937294,2646e33
4f526b1,2646e33
cef7024,2646e33
da1b423,2646e33
9aee2ae,2646e33
84bc443,2646e33
fc61136,2646e33
15c2d2d,2646e33
b642ddf,2646e33
c90e9f5,2646e33
577aea1,2646e33
338d238,2646e33
d80e7e5,2646e33
6ffe466,2646e33
f6655ef,86a971a
e716717,86a971a
81987ae,45a0354
ca67759,45a0354
9ac1348,45a0354
90a0e3c,45a0354
76a8a25,5cf7c51
0758dc6,32479b4
f4f405a,7f2eb53
969e30e,7f2eb53
590ae22,7f2eb53
6d4bf5b,980b47b
cfe15be,980b47b
79c64a6,9b7ec60
8e7a768,9b7ec60
ce95cff,f3993f0
69baaad,f3993f0
4f64200,f3993f0
f2d5044,f3993f0
55633ff,f3993f0
9ac1348,57bdf2f
69baaad,57bdf2f
57dcfdb,57bdf2f
5a576ee,57bdf2f
ab8b84d,57bdf2f
4f64200,57bdf2f
1e22530,57bdf2f
0f29d22,57bdf2f
a87c521,57bdf2f
2ffc41c,57bdf2f
6b3185c,57bdf2f
f2d5044,57bdf2f
d1f67e9,57bdf2f
9aee2ae,57bdf2f
a2110b4,57bdf2f
65b857a,57bdf2f
fdf73bf,57bdf2f
4a9fb23,57bdf2f
26ca5b5,57bdf2f
94cfb14,57bdf2f
bc55398,57bdf2f
cc9d11a,57bdf2f
8733888,57bdf2f
2965b76,57bdf2f
4782a8f,57bdf2f
7512838,57bdf2f
e324b15,57bdf2f
9603977,57bdf2f
28d9dfb,57bdf2f
8ade7ba,57bdf2f
08b750e,57bdf2f
4d8767c,57bdf2f
e716717,57bdf2f
ab95b1e,57bdf2f
5e89517,57bdf2f
2ee5cad,57bdf2f
0fb23e0,57bdf2f
d1aadac,57bdf2f
5074134,57bdf2f
abc4208,57bdf2f
323c70e,b19aadd
bcaf4c4,b19aadd
7eaafb6,18ec5e4
2ee5cad,18ec5e4
c6e5864,18ec5e4
d4d6641,18ec5e4
709b659,18ec5e4
69baaad,18ec5e4
4f64200,18ec5e4
63232f4,18ec5e4
7634db7,18ec5e4
3ec2414,18ec5e4
2ffc41c,18ec5e4
9ac1348,18ec5e4
f7460a0,18ec5e4
1410667,a779dcf
25f9280,a779dcf
4cee9f8,a779dcf
38ec3aa,a779dcf
6d1163f,a779dcf
be02e52,a779dcf
0f7098b,a779dcf
d5c44d1,a779dcf
637ebb7,a779dcf
b62101a,a779dcf
0af5130,a779dcf
5f94048,a779dcf
d7b279f,a779dcf
4f64200,a779dcf
0be61b6,a779dcf
4d41e35,a779dcf
1cb17d6,a779dcf
cfe15be,a779dcf
c127968,a779dcf
9ac1348,a779dcf
57b0ce2,a779dcf
e6eb7fc,1b8cf65
5074134,0cf9160
f2d5044,b87ef8c
69baaad,7fa473e
69baaad,93b0d80
3be3a1e,93b0d80
7eaafb6,93b0d80
1c8afae,93b0d80
a00bf8b,93b0d80
a912752,93b0d80
4aa6328,93b0d80
c6e5864,d39deff
2965b76,d39deff
9ac1348,d39deff
9ac1348,5ff1e1f
9eb1afb,5ff1e1f
ce27d19,5ff1e1f
a5530f0,146e3bc
c310592,146e3bc
9ac1348,9bc2a81
69baaad,9bc2a81
478e4f4,9bc2a81
30a7920,9bc2a81
cf1012e,9bc2a81
9ac1348,b7674f0
9ac1348,614bc93
e129714,614bc93
7d7d0c5,614bc93
30a7920,1c3949a
0aa9a6b,1c3949a
ade2888,1c3949a
9ac1348,1c3949a
bebb586,1c3949a
2fe9f6c,1c3949a
bbed582,1c3949a
0fa900c,1c3949a
9ac1348,f78dae3
b7742b7,4c7900b
1119242,4c7900b
1d5b8de,4c7900b
cdb1e3d,4c7900b
07e00c4,4c7900b
709b659,4c7900b
9c132bc,4c7900b
4f64200,4c7900b
b3e5af7,4c7900b
aa53c87,4c7900b
9ac1348,4c7900b
9ac1348,9eda3eb
bebb586,9eda3eb
2fe9f6c,9eda3eb
9da54a5,9eda3eb
e0a962f,9eda3eb
bbed582,9eda3eb
c353117,9eda3eb
c6e5864,9eda3eb
94b6e6f,9eda3eb
fdb7e68,7c103a1
abc4208,068c78d
9ac1348,068c78d
96586c1,e207fd7
5a1b6ec,e207fd7
7d9d363,e207fd7
a3e6340,8485bf4
ca67759,8485bf4
13a59e9,8485bf4
0d3daf4,8485bf4
1ff069a,8485bf4
d6ba465,8485bf4
6133775,8485bf4
3b29a94,8485bf4
69baaad,8485bf4
e2928f5,8485bf4
323c70e,8485bf4
772faff,8485bf4
b2a9e59,8485bf4
0cba1de,8485bf4
9ac1348,8485bf4
d5dfe62,8485bf4
3faa105,8485bf4
5770b17,8485bf4
4d41e35,8485bf4
4f64200,6634473
9ac1348,6634473
6daea09,6634473
f7aee32,6634473
a9c722d,6634473
a2110b4,6634473
65b857a,6634473
7512838,6634473
69baaad,6634473
3faa105,6634473
69baaad,ce99181
a30278d,ce99181
4f64200,a56e881
9ac1348,a56e881
9aee2ae,a56e881
c6e5864,a56e881
ade2888,a56e881
1840924,a56e881
69baaad,a56e881
3faa105,2339738
3be3a1e,2339738
09cfac7,2339738
f07569a,2339738
f879769,b4a4c58
fbd6328,178f31c
9c5f6b0,178f31c
b9bacfd,178f31c
3cc360b,745d71e
bdb2ad2,fae0202
f2d5044,fae0202
fbd6328,32038af
60cd0cf,32038af
9498339,32038af
b197e01,32038af
2e914aa3,32038af
20f8508,32038af
4f64200,32038af
ced8e4b,32038af
e29a13e,1d87f0d
b2a9e59,1d87f0d
1c8afae,51cc715
7176479,51cc715
5074134,51cc715
74ef61a,51cc715
69baaad,51cc715
4fed11b,8384de8
bbed582,060c7a3
c2b15ba,060c7a3
ceb805f,060c7a3
51cc715,060c7a3
9adf30e,060c7a3
5074134,060c7a3
9ac1348,3a6d8e4
e6eb7fc,3a6d8e4
bdedeac,3a6d8e4
6ba898d,3a6d8e4
69baaad,8277e95
2ee5cad,7fdb60c
db323cc,7fdb60c
f29aa3a,7fdb60c
abc4208,7fdb60c
9ac1348,7fdb60c
8652856,7fdb60c
ce27d19,7fdb60c
19532b2,7fdb60c
1ce4d71,7fdb60c
d60887a,7fdb60c
0d2cdb8,7fdb60c
23d6d17,7fdb60c
2596ca6,7fdb60c
0f4df3b,7fdb60c
548b9bb,7fdb60c
d1aed48,7fdb60c
9ff6a8f,7fdb60c
bbb557d,7fdb60c
b3cc832,7fdb60c
2d07cf0,7fdb60c
0aa9a6b,7fdb60c
cd04360,7fdb60c
3b5166a,7fdb60c
f07569a,7fdb60c
932cc56,7fdb60c
65cf3e5,7fdb60c
9883c0f,7fdb60c
9ac1348,e830613
28e35ce,c09e6c1
3a956e8,5b2783a
0cad5dd,5b2783a
21adc28,5b2783a
3c55b44,5b2783a
69baaad,5b2783a
0c6a976,5b2783a
2646e33,5b2783a
f7aee32,5b2783a
9ac1348,5b2783a
7937294,5b2783a
1410667,bc397c2
e9fb2e7,bc397c2
6a71e95,0dcef57
f5ada4c,0dcef57
74ef61a,e43bb3d
dfaeea8,e43bb3d
4f64200,c01c8a5
e716717,c01c8a5
2965b76,d4ae9c7
1ebb17a,3c74fbc
8277e95,3c74fbc
69baaad,3c74fbc
5e65ded,3c74fbc
4f64200,3c74fbc
393872f,3c74fbc
7512838,b8cad58
6634473,b8cad58
69baaad,b8cad58
577aea1,b8cad58
2646e33,b8cad58
6daea09,b8cad58
9ac1348,b8cad58
a9c722d,b8cad58
5e65ded,b8cad58
d091a44,662507a
d5cbce0,662507a
cc521f1,662507a
225e263,662507a
1ebb17a,662507a
2115760,662507a
bdecf3e,662507a
89aa438,662507a
323c70e,662507a
2ede9b1,662507a
1c8afae,dc01739
4d95322,dc01739
c323c9b,dc01739
1ebb17a,dc01739
80d1159,dc01739
9ac1348,af3aa72
9ac1348,db4aef3
69baaad,db4aef3
3ae880e,db4aef3
f3993f0,97e6874
f2d5044,97e6874
383f043,9c92501
e716717,ac1849f
7003431,ac1849f
1c02021,e8446c1
0fb23e0,e8446c1
9ac1348,e8446c1
af3b987,e8446c1
17b139b,0c01eca
9ac1348,565c09d
af3b987,565c09d
5a1b6ec,b77b6f4
69baaad,b77b6f4
96586c1,6c087af
a2110b4,6c087af
65b857a,6c087af
69baaad,6c087af
57bdf2f,6c087af
9ac1348,6c087af
f6ca7f5,6c087af
b45b6d5,6c087af
e892df7,6c087af
5a576ee,6c087af
4f64200,6c087af
610c1c3,6c087af
2965b76,6c087af
9aee2ae,6c087af
08b750e,6c087af
1797d2a,6c087af
1252ecf,6c087af
4782a8f,6c087af
7512838,6c087af
6634473,6c087af
3faa105,6c087af
d1aed48,6c087af
d3a21a4,6c087af
88138b0,6c087af
e324b15,6c087af
8ade7ba,6c087af
0a2462c,6c087af
59ead0f,6c087af
8733888,6c087af
6e82f71,6c087af
ea6d0ee,6c087af
66028ef,6c087af
2ffc41c,6c087af
7448af7,6c087af
f3993f0,1834e33
f2d5044,1834e33
2dc6f8b,1834e33
9aee2ae,9a378e7
8ae73f8,9a378e7
a3b5302,9a378e7
b242eb1,a6ebb22
1ebb17a,a6ebb22
cf934a8,a6ebb22
adc2a33,a6ebb22
d60aac6,a6ebb22
69eddca,a6ebb22
9c56765,a6ebb22
8ff91c1,a6ebb22
21adc28,a6ebb22
c8b2474,a6ebb22
72bd38a,a6ebb22
4f64200,ea67dc6
6c97c6e,1dca783
4f64200,1dca783
83df135,1dca783
697c47f,6dba79a
3263a09,9c1c50d
5536aa1,9c1c50d
9ac1348,9c1c50d
7937294,9c1c50d
5b2783a,9c1c50d
4f526b1,9c1c50d
fc61136,9c1c50d
2646e33,9c1c50d
fa962a7,9c1c50d
577aea1,9c1c50d
a9c722d,9c1c50d
d93c406,0c63af7
63ef441,0c63af7
b30f8f7,0c63af7
c6e5864,0c63af7
0dec866,0c63af7
5f6191c,0c63af7
69baaad,0c63af7
287561f,0c63af7
ff79633,0c63af7
af40053,0c63af7
a197cfa,0c63af7
22710df,0c63af7
47a66c9,0c63af7
8449c7e,0c63af7
ebf5326,0c63af7
26c4869,0c63af7
803fe7f,0c63af7
2733e9c,0c63af7
9ac1348,41a2b21
ac79e19,7dfe797
dd4d956,7dfe797
69baaad,7dfe797
180aae2,7dfe797
9ac1348,5f21391
e716717,8b12124
614bc93,5689b63
c310592,bbba942
f8ca6f8,bbba942
3cc360b,bbba942
78f879f,3304919
a6a06e0,3304919
69baaad,3304919
5e65ded,3304919
9ac1348,7e5ae87
2d8ac7b,7e5ae87
287561f,c3ae742
f2f25cc,f37ab6c
f7e4319,3f8715b
ca67759,3f8715b
13a59e9,3f8715b
ca3bcb5,3f8715b
8485bf4,3f8715b
180aae2,3f8715b
9ac1348,3f8715b
3faa105,3f8715b
53602af,3f8715b
2a1537f,3f8715b
26c802b,3f8715b
409cb41,3f8715b
d091a44,3f8715b
2280bd7,07d95f4
eaf8a0b,0af038e
d254f14,0af038e
53602af,0af038e
5a1b6ec,0af038e
4231951,0af038e
fe1a4c9,0af038e
911b7cb,0af038e
abc4208,0af038e
4a9fb23,a849c79
5e65ded,a849c79
72fe0a1,1b2eb2c
5074134,3226656
e1f6ad2,3226656
092ca17,3226656
c0d6986,10322ae
ee1afee,10322ae
b8e753b,10322ae
3be3a1e,4f41f4c
e5b51ee,cfd4171
be1cf5e,cfd4171
d254f14,cfd4171
23464f9,590d1c1
20f8508,590d1c1
9ac1348,8506ff2
1d87f0d,8506ff2
b2a9e59,8506ff2
8abd8d6,dc01b16
932cc56,dc01b16
a6a06e0,561d329
bdb2ad2,561d329
180aae2,561d329
5e65ded,561d329
23464f9,c1ddcd0
cfe15be,bad6e00
57bdf2f,bad6e00
8c34fe8,bad6e00
2115760,bad6e00
a13dfdf,bad6e00
e7d76f3,bad6e00
1de82fd,bad6e00
b72fe35,bad6e00
8e30d72,bad6e00
302fcbd,bad6e00
1ebb17a,bad6e00
0b53761,bad6e00
ebb2685,bad6e00
cea01c3,bad6e00
53602af,bad6e00
6dba79a,bad6e00
ca3bcb5,bad6e00
697c47f,bad6e00
6634473,bad6e00
4b53d37,bad6e00
edbb527,bad6e00
9fa6b3b,bad6e00
b87a44e,bad6e00
4f64200,bad6e00
23464f9,bad6e00
2843d77,bad6e00
88cdac3,bad6e00
efd2bc9,bad6e00
9ac1348,bad6e00
941e5e5,bad6e00
26ca5b5,bad6e00
69baaad,bad6e00
2ee5cad,48c92fc
05b25a8,48c92fc
4734914,48c92fc
a55affb,48c92fc
4281cb3,48c92fc
4e34f59,48c92fc
28e35ce,48c92fc
a60a464,48c92fc
ca3bcb5,48c92fc
1a996c3,48c92fc
db323cc,48c92fc
ceb805f,48c92fc
4ca7724,48c92fc
4be78a1,48c92fc
2ffc41c,48c92fc
4f64200,fc4fe3d
2646e33,fc4fe3d
a3421c7,fc4fe3d
23464f9,fc4fe3d
4e159bc,fc4fe3d
7665b47,fc4fe3d
cf0220d,fc4fe3d
d29b4e0,fc4fe3d
05c5c94,2a5c8af
e2038ab,2a5c8af
bad6e00,d05491a
bad6e00,c371bc0
53602af,d9b7310
9ac1348,d9b7310
e6eb7fc,d9b7310
3cf847a,d9b7310
ad4b9bc,d9b7310
af3b987,d9b7310
0251054,cee8159
df90bab,cee8159
5f21391,3cb0298
bad6e00,ee736d3
279add7,ee736d3
9ac1348,6cb5e71
1e3e03e,6cb5e71
23464f9,6cb5e71
6d4bf5b,6cb5e71
ca3bcb5,6cb5e71
4734914,6cb5e71
69baaad,6cb5e71
a02cc4a,6cb5e71
e2928f5,6cb5e71
bad6e00,03a1545
8e30d72,03a1545
9ac1348,03a1545
adc2a33,03a1545
e2f9466,03a1545
b72fe35,03a1545
88cdac3,03a1545
1e56f4d,03a1545
6b3185c,03a1545
e7d76f3,03a1545
1dd027c,03a1545
23464f9,03a1545
75a64b9,03a1545
b87a44e,03a1545
47459e3,03a1545
ca3bcb5,03a1545
69baaad,03a1545
d1f67e9,03a1545
1ebb17a,03a1545
4734914,03a1545
3ac03e1,03a1545
302fcbd,c833359
cebf83d,c833359
ebb2685,99e4e3b
3cdf3e8,f7da719
1410667,d2bef6b
23464f9,d2bef6b
bc397c2,d2bef6b
c4732d8,d2bef6b
2843d77,d2bef6b
ca67759,25adbff
ad4b9bc,25adbff
6cfb29e,25adbff
4f64200,25adbff
1ebb17a,25adbff
81633e0,25adbff
3cf847a,25adbff
46f4bc9,25adbff
79c64a6,25adbff
41421dc,25adbff
04e32d4,25adbff
6d4bf5b,03b9c0c
23464f9,03b9c0c
d211089,03b9c0c
1840924,03b9c0c
6d4bf5b,d13d205
9be486d,d13d205
4b53d37,d13d205
b87a44e,d13d205
23464f9,d13d205
9ac1348,d13d205
bad6e00,3bc1b7b
655c0f7,c38c51d
3cdf3e8,b3581ed
bad6e00,b3581ed
9ac1348,6ddf654
32441f9,6ddf654
79fff6e,6ddf654
cf934a8,9100197
383f043,9100197
3d92bb5,9100197
d211089,6ecf482
b62101a,7caa3df
6d255dd,7caa3df
172c4a9,2e8021a
9ac1348,2e8021a
7caa3df,686d738
a00bf8b,0a4794f
528ee54,0a4794f
cebf83d,0a4794f
9ac1348,482e4e9
480f098,482e4e9
ca3bcb5,482e4e9
482e4e9,88c2bef
96586c1,0377412
0c467af,0377412
d4d6641,0377412
b242eb1,0377412
a6ebb22,0377412
b101666,0377412
4e159bc,0377412
9ac1348,2a1537f
9ac1348,7acf5a9
968d5fc,281130c
3a6d8e4,281130c
5e611bf,281130c
32038af,c4cc0e6
180aae2,c4cc0e6
6d8e303,c4cc0e6
80d1159,c2a5dd7
d8a108e,ce17a0f
79901ef,15820e4
a753f5c,8eedd19
2843d77,8eedd19
b101666,db6f012
4562444,db6f012
6d255dd,db6f012
1ebb17a,db6f012
a3e6340,db6f012
7c945f8,db6f012
a1de0f9,2d554b8
30d141c,2d554b8
9ac1348,23dbb25
8e7a768,0f1e2f3
e9fb2e7,0f1e2f3
a753f5c,0f1e2f3
23464f9,0f1e2f3
c8b2474,0f1e2f3
a753f5c,43ba402
9ac1348,b9d2cc3
a88c6da,b9d2cc3
9ac1348,c0524d9
6a0e217,339c2b0
2ffe2ff,22cee88
3a8609e,22cee88
1b8ef87,22cee88
961f6f5,22cee88
9ac1348,22cee88
cebf83d,22cee88
1a0fbf6,22cee88
6024770,22cee88
a779dcf,22cee88
f98839e,22cee88
999c2f4,22cee88
418b5e2,0573ee1
8647bf3,0573ee1
2ee5cad,8c6ef15
7083b73,8c6ef15
1a996c3,8c6ef15
db323cc,8c6ef15
4ecc77d,8c6ef15
3d21869,8c6ef15
5d78bd8,8c6ef15
6597869,8c6ef15
d78fa40,8c6ef15
3cfbc78,8c6ef15
ca67759,8c6ef15
9d905c4,fe6cc81
0caefbd,d1703e8
42671db,7085c58
9e8f583,782c6ff
7078fa5,782c6ff
a42daf2,782c6ff
2f5b8fa,782c6ff
7e606fb,5101e41
79d64c1,5101e41
3d92bb5,5101e41
5816e99,5101e41
4734914,5101e41
3037c4e,5101e41
f7f162b,5101e41
3a8609e,5101e41
d29b4e0,5101e41
1ba27f6,5101e41
f5ada4c,5101e41
0f85aa8,5101e41
69baaad,5101e41
23464f9,5101e41
407198c,5101e41
1840924,5101e41
3b65425,333a83b
07f973e,408f4d0
3f8715b,408f4d0
04e3fec,30ed86d
07f973e,1114e5e
fde4077,1114e5e
222086d,1114e5e
3be3a1e,1114e5e
69baaad,1114e5e
7eaafb6,1114e5e
f34bc9f,beb9d7b
4e34f59,bbd192f
405504b,0b1b348
3f8715b,7e13b4d
9433372,65bcf35
23464f9,65bcf35
caacd90,ac9694f
9ac1348,ac9694f
407198c,ac9694f
96ebc19,ac9694f
8826f51,ac9694f
ca67759,ac9694f
d74a166,ac9694f
23464f9,ac9694f
4c9a608,ac9694f
07e23b0,ac9694f
bf8a4cd,ac9694f
5b1afc8,ac9694f
d2ee074,ac9694f
d9b7310,ac9694f
333b89a,ac9694f
ad97e65,ac9694f
9ac1348,3dab413
381da29,3dab413
172c4a9,3dab413
04e3fec,ec35a7b
fed664a,ec35a7b
180aae2,ec35a7b
b101666,ec35a7b
f34bc9f,c7c7ee4
beb9d7b,c7c7ee4
019087c,c7c7ee4
bad6e00,b7f4218
067e0bc,af22580
fce7435,6e5f584
c371bc0,4d260af
73c5135,01da95f
23464f9,10f07ac
82f1459,5ca9dd9
2bca90c,fef8c2d
4d3d633,90badbc
c371bc0,90badbc
4d260af,90badbc
3b460ba,d17c9ad
f2d5044,0ab7be4
20f4ac7,0ab7be4
711ef85,0ab7be4
23464f9,0ab7be4
c6e5864,0ab7be4
0d2cdb8,0ab7be4
9194e69,0ab7be4
69baaad,0ab7be4
3b65425,0ab7be4
ec09cb7,0ab7be4
d9a8d4d,0ab7be4
b101666,0ab7be4
b62fab8,0ab7be4
36dd5a2,0ab7be4
3f8715b,0ab7be4
0d3daf4,0ab7be4
2bca90c,0ab7be4
34c35d6,0ab7be4
5a5bc00,0ab7be4
b9bacfd,0ab7be4
1252ecf,0ab7be4
d8e7cd3,0ab7be4
56a8787,0ab7be4
a09ab62,0ab7be4
637532e,0ab7be4
f2b494b,0ab7be4
a918278,0ab7be4
491c8ff,0ab7be4
a28d8f0,0ab7be4
eb1ceaa,0ab7be4
96ebc19,0ab7be4
b30f8f7,0ab7be4
4c7bd6b,0ab7be4
6d4bf5b,0ab7be4
25adbff,0ab7be4
e055817,0ab7be4
9e8f583,0ab7be4
180aae2,0ab7be4
bd2bc14,0ab7be4
5d107bc,0ab7be4
1cb2788,0ab7be4
dd4d956,0ab7be4
7a3b40d,0ab7be4
ce99181,0ab7be4
ac79e19,0ab7be4
4e34f59,0ab7be4
a1de0f9,0ab7be4
92fa0ef,0ab7be4
3be3a1e,0ab7be4
ec7e10a,0ab7be4
febbd3e,0ab7be4
83577ce,0ab7be4
d1a5aa1,0ab7be4
d8b968e,0ab7be4
6a0e217,0ab7be4
3d22a9c,0ab7be4
197943a,0ab7be4
1dd027c,0ab7be4
ac1849f,0ab7be4
96586c1,0ab7be4
b0989a3,0ab7be4
2965b76,0ab7be4
ea5df78,0ab7be4
7ab9671,0ab7be4
614bc93,0ab7be4
5689b63,0ab7be4
afbf559,0ab7be4
fb8bdd5,0ab7be4
b77b6f4,0ab7be4
ebb2685,0ab7be4
a60a464,0ab7be4
06dd4f9,0ab7be4
ca3bcb5,0ab7be4
c07ee33,0ab7be4
5f1ff92,0ab7be4
b242eb1,0ab7be4
3233c25,0ab7be4
9eda3eb,0ab7be4
a0bc032,0ab7be4
24ea745,0ab7be4
46676f8,0ab7be4
e207fd7,0ab7be4
d60887a,0ab7be4
05b25a8,0ab7be4
1a0fbf6,0ab7be4
23d6d17,0ab7be4
c14d0f2,0ab7be4
571c7c5,0ab7be4
d1aed48,0ab7be4
e55e688,0ab7be4
608905d,0ab7be4
f8c4ba0,0ab7be4
ade2888,0ab7be4
05753de,0ab7be4
94b6e6f,0ab7be4
67f894f,0ab7be4
ecb9754,0ab7be4
5bfa614,0ab7be4
6e95726,0ab7be4
9d404ad,0ab7be4
7d9d363,0ab7be4
5a1b6ec,0ab7be4
9bc2a81,0ab7be4
7d7d0c5,0ab7be4
a197cfa,0ab7be4
061381a,0ab7be4
ae573e3,0ab7be4
4e159bc,0ab7be4
4ca7724,0ab7be4
e3daaa3,0ab7be4
b3cc832,0ab7be4
5e65ded,0ab7be4
4c9a608,0ab7be4
0ef85a8,0ab7be4
7acf8ed,0ab7be4
e2928f5,0ab7be4
c24fa6d,0ab7be4
527a7d9,0ab7be4
2564697,0ab7be4
6cfb29e,0ab7be4
f116eaf,0ab7be4
5dcd5af,0ab7be4
9ac1348,0ab7be4
d569e88,0ab7be4
0c467af,0ab7be4
57a77c4,0ab7be4
8b56c11,0ab7be4
97e6874,0ab7be4
2dc6f8b,0ab7be4
58bce7d,0ab7be4
0377412,0ab7be4
6e7b312,0ab7be4
7e606fb,0ab7be4
4f64200,0ab7be4
4453084,0ab7be4
ce95cff,0ab7be4
abc4208,0ab7be4
5bb12a8,0ab7be4
803fe7f,0ab7be4
2374b10,0ab7be4
48f68c6,0ab7be4
1af75d1,0ab7be4
788291d,0ab7be4
1dcb6a1,0ab7be4
30b5e07,0ab7be4
9e8840b,0ab7be4
22710df,0ab7be4
a82cb9f,0ab7be4
0d46298,0ab7be4
799fc67,0ab7be4
be55b15,0ab7be4
71d6898,0ab7be4
d23b084,0ab7be4
dd04eea,0ab7be4
2339738,0ab7be4
fa962a7,0ab7be4
a1c0b94,0ab7be4
f188142,0ab7be4
123b913,0ab7be4
e15fdf1,0ab7be4
cd04360,0ab7be4
9d99f1e,0ab7be4
815eb6f,0ab7be4
f3960eb,0ab7be4
ae40e9b,0ab7be4
46ce3b6,0ab7be4
9884888,0ab7be4
8c4bbe6,0ab7be4
30645db,0ab7be4
6689c4a,0ab7be4
81f6db5,0ab7be4
b0315cc,0ab7be4
2e538b7,0ab7be4
fc56b7b,0ab7be4
d2940c9,0ab7be4
1673809,0ab7be4
9d905c4,0ab7be4
794b063,0ab7be4
c639744,0ab7be4
c84cf93,0ab7be4
ea6d0ee,0ab7be4
f34bc9f,0ab7be4
effcafa,0ab7be4
95f6234,0ab7be4
c7c7ee4,0ab7be4
e19e0b0,0ab7be4
18ec5e4,0ab7be4
019087c,0ab7be4
b7e3a84,0ab7be4
1668fd7,0ab7be4
30aaba6,0ab7be4
77f7e15,0ab7be4
bd6667d,0ab7be4
1c49289,0ab7be4
46f4bc9,0ab7be4
6a71e95,0ab7be4
fbd6328,0ab7be4
bad6e00,0ab7be4
8cb3c73,0ab7be4
d0b8b8c,0ab7be4
274e75f,0ab7be4
c9a4335,0ab7be4
91240bb,0ab7be4
1a87198,0ab7be4
2f9e170,0ab7be4
c5cb90d,0ab7be4
837a2a5,0ab7be4
caacd90,0ab7be4
ec20621,0ab7be4
f6c8e54,0ab7be4
be388ec,0ab7be4
c4e0e95,0ab7be4
c24c6f6,0ab7be4
100ac6c,0ab7be4
7448af7,0ab7be4
24730aa,0ab7be4
3e69d1b,0ab7be4
48d09b8,0ab7be4
405504b,0ab7be4
655c0f7,0ab7be4
4cfad76,0ab7be4
af3b987,0ab7be4
7ed2188,0ab7be4
53602af,0ab7be4
09cfac7,0ab7be4
fe5d196,0ab7be4
222086d,0ab7be4
7eaafb6,0ab7be4
dffd815,0ab7be4
3faa105,0ab7be4
d254f14,0ab7be4
f3993f0,0ab7be4
df90bab,0ab7be4
26c4869,0ab7be4
47a66c9,0ab7be4
3f6e652,0ab7be4
d6567ec,0ab7be4
a5c17d5,0ab7be4
94fe05f,0ab7be4
c0a0583,0ab7be4
269bffe,0ab7be4
fde4077,0ab7be4
3b460ba,0ab7be4
16e2fa7,0ab7be4
5a4e911,0ab7be4
9c56765,0ab7be4
4af596f,0ab7be4
481c416,0ab7be4
2f5b8fa,0ab7be4
932cc56,0ab7be4
76579f4,0ab7be4
cacf525,0ab7be4
8f302d0,0ab7be4
fd6fabd,0ab7be4
5b4d46b,0ab7be4
287561f,0ab7be4
974dfe8,0ab7be4
1ebb17a,0ab7be4
73fa5c8,0ab7be4
75b94b9,0ab7be4
86704b8,0ab7be4
3bd014e,0ab7be4
d80e7e5,0ab7be4
a6d4cc3,0ab7be4
c2b15ba,0ab7be4
8485bf4,0ab7be4
86b5958,0ab7be4
b2e4bf1,0ab7be4
8b2b876,0ab7be4
fccf379,0ab7be4
f764815,0ab7be4
bbb557d,0ab7be4
e58309c,0ab7be4
67eded3,0ab7be4
d93c406,0ab7be4
ec840b2,0ab7be4
44e2a16,0ab7be4
f5ada4c,0ab7be4
8a82fe2,0ab7be4
1192bb1,0ab7be4
8ade7ba,0ab7be4
08b750e,0ab7be4
072e792,0ab7be4
68ad1f8,0ab7be4
38a4c7b,0ab7be4
5cd32df,0ab7be4
63936ac,0ab7be4
a6a06e0,0ab7be4
18492db,0ab7be4
0ac0cb1,0ab7be4
a7ab502,0ab7be4
68dff78,0ab7be4
e716717,0ab7be4
0c0da6f,0ab7be4
8b12124,0ab7be4
5685b55,0ab7be4
148291a,0ab7be4
28e35ce,0ab7be4
e74bb20,0ab7be4
cf9c6a6,0ab7be4
526fbf3,0ab7be4
9ac1348,cb963a0
c14d0f2,cb963a0
e43bb3d,e69fb65
4d8767c,7b3e75c
e74bb20,392b53d
9ac1348,392b53d
ec840b2,392b53d
3b65425,392b53d
fa962a7,392b53d
e15fdf1,392b53d
79fff6e,392b53d
caacd90,392b53d
5f21391,392b53d
ed670c5,392b53d
ae573e3,392b53d
69baaad,392b53d
6a71e95,392b53d
ff11068,392b53d
447b741,392b53d
095b82c,392b53d
25adbff,392b53d
c6b9a50,392b53d
e055817,392b53d
23464f9,392b53d
bdecf3e,392b53d
336cbb2,392b53d
336cbb2,ebfbb7b
f2d5044,ebfbb7b
370463f,684bee3
78f879f,684bee3
323c70e,684bee3
5dc1867,684bee3
38908ea,684bee3
f7da719,21c4cbe
bf960ce,21c4cbe
e055817,2b55e83
392b53d,2b55e83
a3c709f,385a077
815eb6f,2a4e46f
ed670c5,2a4e46f
1119242,2a4e46f
7128869,2a4e46f
dd04eea,2a4e46f
9ac1348,2a4e46f
60c6939,2a4e46f
4fb1782,499b968
7481d70,68a751b
33cace4,a8a1efb
3fb05aa,a8a1efb
1747ba5,a8a1efb
37f3d9a,a8a1efb
9d8b488,a8a1efb
db4da7f,a8a1efb
2f5b8fa,a8a1efb
11be3a7,a8a1efb
fbd6328,a8a1efb
f662132,a8a1efb
558592a,a8a1efb
ca3bcb5,a8a1efb
481c416,a8a1efb
72c2941,a8a1efb
fd4865c,a8a1efb
178f31c,a8a1efb
a7bd1a0,a8a1efb
441efaf,a8a1efb
42671db,a8a1efb
43dd9cc,a8a1efb
7d70363,a8a1efb
9e8f583,a8a1efb
9888cfc,a8a1efb
3b65425,a8a1efb
9ec96da,a8a1efb
2ec875b,a8a1efb
d4588d7,a8a1efb
8fb916a,a8a1efb
21503a5,a8a1efb
996100a,a8a1efb
20f8508,a8a1efb
c323c9b,a8a1efb
ede0942,a8a1efb
7078fa5,a8a1efb
b72d8c1,a8a1efb
9c5f6b0,a8a1efb
07f973e,6f639fd
4a7e5bc,4333e18
31c04d4,4333e18
383f043,4333e18
94d768a,4333e18
384440e,4333e18
6c717e9,4333e18
53602af,4333e18
ca3bcb5,4333e18
cf934a8,4333e18
1ebb17a,4333e18
4f64200,4333e18
3037c4e,4333e18
f7f162b,4333e18
caacd90,4333e18
0394d7e,4333e18
3b65425,b550dc3
9ac1348,b550dc3
5bb12a8,b550dc3
ca3bcb5,b550dc3
0ef85a8,b550dc3
9aee2ae,b550dc3
a6c1040,b550dc3
bd2bc14,b550dc3
78ec4a0,b550dc3
69baaad,b550dc3
4c9a608,b550dc3
5e65ded,52c2fc5
1be209b,52c2fc5
f116eaf,52c2fc5
b101666,52c2fc5
3b65425,52c2fc5
12f07d0,52c2fc5
f6905bd,52c2fc5
79fff6e,52c2fc5
c793273,52c2fc5
6ddf654,52c2fc5
026502a,52c2fc5
201cd91,52c2fc5
3b816f2,52c2fc5
e74bb20,52c2fc5
d409bdf,52c2fc5
7b1117a,52c2fc5
23464f9,52c2fc5
2121548,52c2fc5
b8cad58,52c2fc5
cacf525,52c2fc5
55f657f,421ed85
ed670c5,a88558b
e830613,a88558b
ea12a64,a88558b
9ac1348,9ad526b
7ca9a51,9ad526b
8485bf4,ef1f7bd
6a91996,4b468b3
5209913,6fa7891
41292b6,6fa7891
23464f9,6fa7891
e980a34,6fa7891
817ab57,6fa7891
4aa86c1,6fa7891
431f3a7,6fa7891
120b2ea,6fa7891
56eeb0d,6fa7891
06dd4f9,6fa7891
20f8508,6fa7891
68b3be5,6fa7891
bd2bc14,6fa7891
e44ce7e,6fa7891
e8b874c,6fa7891
b09c434,6fa7891
11be3a7,6fa7891
be02e52,6fa7891
fbd6328,f89156b
42671db,f89156b
8de9578,f89156b
2f5b8fa,f89156b
a8a1efb,f89156b
9ec96da,f89156b
eb582f4,c0ff8b0
b8e47bd,4866e8f
ddc462b,4866e8f
472e565,4866e8f
c678a67,4866e8f
38037b1,4866e8f
e44ce7e,4866e8f
3b65425,16e3494
da23afd,460a650
9ac1348,3bdfd29
4f82f75,3bb0fc3
4f82f75,6dc9201
d254f14,96dc856
e19d333,96dc856
67af667,96dc856
b092346,96dc856
5d5372c,28ff409
2bca90c,44494eb
358e011,44494eb
bad6e00,44494eb
07d95f4,44494eb
55f657f,4607f3d
db323cc,149fac7
28e35ce,149fac7
db19670,149fac7
cacf525,5c8141a
75132fb,5c8141a
c76d467,5c8141a
3909252,f1dcab5
4333e18,f1dcab5
96922c4,f1dcab5
8af0230,34c5050
ecdef4a,34c5050
0632382,29a1e82
ecdef4a,29a1e82
77f7e15,165bd85
0ab7be4,165bd85
77f7e15,33e96d0
0ab7be4,33e96d0
23464f9,33e96d0
9ac1348,f45e605
23464f9,f45e605
69d167d,f45e605
1f0f97f,f45e605
0ab7be4,ef95c1b
92fa0ef,ef95c1b
a5c17d5,ef95c1b
4ca7724,ef95c1b
c5fa304,ef95c1b
3e69d1b,ef95c1b
e8fcb93,ef95c1b
56b1f11,ef95c1b
32038af,6b8afe6
b2ccf41,cea8da9
3dc5d77,cea8da9
e1ad856,b550dc3
0ab7be4,b550dc3
0145915,b550dc3
1beb9d3,b550dc3
f3960eb,8600e96
cacf525,8600e96
9ac1348,8600e96
004251e,8600e96
a35f2bc,8600e96
9593740,8600e96
587d4db,1114e5e
3799545,5d2bce3
6fc9d4e,5d2bce3
0ab7be4,acc74ca
e830613,acc74ca
4f64200,02b2bf1
f3619e0,02b2bf1
317748c,02b2bf1
23a1da4,02b2bf1
4734914,02b2bf1
6fbe9ea,02b2bf1
2c2a76c,02b2bf1
d39deff,02b2bf1
8d1fb96,02b2bf1
1840924,02b2bf1
9ac1348,02b2bf1
f6655ef,02b2bf1
079270e,02b2bf1
2f9776e,02b2bf1
3dc5d77,02b2bf1
3909252,02b2bf1
ab461c4,02b2bf1
7665b47,02b2bf1
23464f9,02b2bf1
c21177a,02b2bf1
bc24682,02b2bf1
96e1ca0,02b2bf1
4607f3d,74dd53d
8302b59,74dd53d
55f657f,74dd53d
405504b,74dd53d
655c0f7,74dd53d
405504b,e59c976
55f657f,e59c976
28fa7db,d9ce45a
655c0f7,d9ce45a
8302b59,d9ce45a
55f657f,d9ce45a
405504b,d9ce45a
57535c6,d9ce45a
e397f7f,d9ce45a
655c0f7,57c67b7
8302b59,57c67b7
55f657f,57c67b7
405504b,57c67b7
57535c6,57c67b7
e397f7f,57c67b7
844f373,a3cf821
ecdef4a,a3cf821
2ba40e0,a3cf821
3ad24b6,c394f84
655c0f7,c394f84
55f657f,c394f84
405504b,c394f84
8302b59,c394f84
0b1b348,c394f84
5d5372c,c394f84
28ff409,c394f84
a6373e9,c394f84
421ed85,1661eb7
4607f3d,1661eb7
8302b59,b139476
392b53d,b139476
2b06169,c73d35f
18eaba8,2a87f77
8302b59,ea5ca4f
a6c1040,ea5ca4f
23464f9,ea5ca4f
b550dc3,ea5ca4f
4c9a608,ea5ca4f
4734914,ea5ca4f
447b741,ea5ca4f
9ac1348,ea5ca4f
0ab7be4,ea5ca4f
a3cf821,ea5ca4f
ecdef4a,ea5ca4f
8302b59,8ce83a1
5b13ea8,8ce83a1
7ae1adc,8ce83a1
28fa7db,8f0aa7e
1d3b53f,8f0aa7e
d9ce45a,8f0aa7e
655c0f7,8f0aa7e
8302b59,8f0aa7e
55f657f,8f0aa7e
57535c6,8f0aa7e
c394f84,8f0aa7e
e397f7f,8f0aa7e
2f49c6d,8f0aa7e
4333e18,fb40df4
1d34e82,e392060
ac19f93,4b064ac
ca67759,4b064ac
9ac1348,4b064ac
78e9fa6,4b064ac
711ef85,4b064ac
142a986,4b064ac
81987ae,4b064ac
3552d80,4b064ac
aa89aa9,4b064ac
7bc4767,4b064ac
e44ce7e,4b064ac
2bca90c,4b064ac
34c35d6,4b064ac
358e011,4b064ac
d74a166,4b064ac
67f894f,4b064ac
1c49289,4b064ac
ecdef4a,4b064ac
e40ab33,4b064ac
9879ea2,4b064ac
2aca023,4b064ac
69baaad,4b064ac
407198c,4b064ac
bf42844,4b064ac
0ad7661,4b064ac
6a71e95,4b064ac
c5d6e7a,4b064ac
e9cb494,4b064ac
d8b968e,4b064ac
8302b59,4b064ac
ac0c475,4b064ac
db136f9,4b064ac
66894ad,f4f28c4
d70ca01,f4f28c4
096be07,159baf5
8302b59,159baf5
4479af4,093ab2a
25f9280,093ab2a
9ac1348,093ab2a
fce7435,093ab2a
43e2838,093ab2a
4cee9f8,093ab2a
2ba40e0,093ab2a
0f7098b,093ab2a
d4e70e3,093ab2a
a63bb3c,6c3c741
197943a,6c3c741
f2d5044,6c3c741
97e6874,6c3c741
0ab7be4,6c3c741
2280bd7,28e5f0e
cfb82ec,28e5f0e
67acf67,28e5f0e
1ba27f6,28e5f0e
63de947,28e5f0e
72bd38a,28e5f0e
af3b987,28e5f0e
c1ecf09,28e5f0e
e44ce7e,28e5f0e
61b876b,28e5f0e
2280bd7,a97aa29
f9dfb0c,a97aa29
6d255dd,a97aa29
ca161ec,a97aa29
c1ecf09,a97aa29
56eeb0d,a97aa29
ade3284,a97aa29
67acf67,a97aa29
f5ada4c,a97aa29
9ac1348,a97aa29
4b53d37,7018e5f
3dff996,7018e5f
b101666,7018e5f
4607f3d,b8eb564
edc08d8,b8eb564
2e08064,b8eb564
1d3b53f,b8eb564
655c0f7,b8eb564
8302b59,b8eb564
55f657f,b8eb564
74dd53d,b8eb564
e59c976,b8eb564
405504b,b8eb564
57535c6,b8eb564
392b53d,b8eb564
b139476,b8eb564
44f9e5d,042c296
8302b59,042c296
c5cfecd,042c296
2d2d7ca,d550c80
722da43,d550c80
8302b59,d550c80
e74bb20,2de6862
2c54f96,2de6862
ca67759,2de6862
d6ba465,2de6862
8302b59,2de6862
2d2d7ca,2de6862
23464f9,2de6862
9ac1348,2de6862
9e8840b,2de6862
0632382,2d27c8e
2965b76,3451b92
edc08d8,f7348bc
34c35d6,f7348bc
358e011,f7348bc
2bca90c,f7348bc
edc08d8,ec453e2
34c35d6,ec453e2
358e011,ec453e2
9ac1348,ec453e2
8302b59,ec453e2
bd2bc14,ec453e2
79fff6e,ec453e2
998618d,c6f7fa4
643c8c6,c6f7fa4
4f82f75,c6f7fa4
52c2fc5,c6f7fa4
c26457a,1cff6a2
8302b59,1cff6a2
2d2d7ca,1cff6a2
92b8124,1cff6a2
955461f,f5b0ec9
75132fb,f5b0ec9
c5d6e7a,f5b0ec9
d926df2,f5b0ec9
eaf8a0b,28e323c
4dfbb99,182f21a
35e91e1,182f21a
ef4a2cb,182f21a
a0c9546,182f21a
3707197,182f21a
e2352d6,182f21a
ca67759,182f21a
8302b59,182f21a
1acea49,182f21a
c5cfecd,182f21a
eb59395,182f21a
ed4a46e,182f21a
0af5130,182f21a
e980a34,182f21a
3a6d8e4,182f21a
9ac1348,182f21a
48c6686,e6c85fd
2bca90c,e433108
c371bc0,010fe5f
66894ad,97d38ed
18492db,97d38ed
ecdef4a,97d38ed
8302b59,97d38ed
bad6e00,97d38ed
3b6bd9f,97d38ed
b3f3e1f,97d38ed
f4f28c4,97d38ed
822ecf3,97d38ed
d70ca01,97d38ed
19bcd67,97d38ed
0632382,97d38ed
c2f5b37,97d38ed
b5ac7d2,badee05
3ad799e,3cac063
77395b5,3cac063
23464f9,634cff9
8924aca,634cff9
5b13ea8,634cff9
8302b59,634cff9
587d4db,634cff9
990ca83,634cff9
fc42448,634cff9
e397f7f,634cff9
5ecc395,634cff9
83d9844,34719b2
333b89a,34719b2
e50d264,34719b2
0470f47,34719b2
4fd266b,34719b2
c799b11,34719b2
5ecc395,34719b2
3246649,34719b2
2ee5cad,645a149
7ae1adc,645a149
61c5ca3,26fc3e2
020a45e,26fc3e2
5105dd1,26fc3e2
92fa0ef,26fc3e2
4f64200,26fc3e2
1528ec9,26fc3e2
587d4db,26fc3e2
8ddc3e3,26fc3e2
2755477,26fc3e2
a80ef69,26fc3e2
e716717,26fc3e2
aa61a63,26fc3e2
23d6d17,26fc3e2
0c0da6f,26fc3e2
8302b59,26fc3e2
0d7dd45,26fc3e2
8b12124,26fc3e2
5685b55,26fc3e2
3b65425,26fc3e2
afbf559,26fc3e2
561ffd1,26fc3e2
0ab7be4,26fc3e2
ac1849f,26fc3e2
7ae1adc,26fc3e2
7d49923,c6846f8
475169a,3a0371f
9ac1348,3a0371f
756783e,b70280f
f7348bc,b70280f
c2f43bb,150195e
7e04b75,150195e
9069250,eaa5eeb
601e169,eaa5eeb
fa26f1b,eaa5eeb
aeb299f,215cb6f
9e3cf4f,c89f489
aeb299f,c89f489
643c8c6,b7f1764
81ebdbb,b7f1764
b605ad6,b7f1764
2aca023,b7f1764
caacd90,b7f1764
23464f9,b7f1764
407198c,b7f1764
c376b39,b7f1764
49a9dd9,b7f1764
1acea49,b7f1764
86a2c20,2eb07da
8302b59,2eb07da
e397f7f,2eb07da
4c7ef69,b121900
111e3aa,b121900
117d9b4,b121900
2ad727b,b121900
a7dd5e6,b121900
29a8ae1,b121900
e830613,b121900
8302b59,b121900
56b1f11,b121900
587d4db,b121900
acc74ca,b121900
0ab7be4,b121900
b11e3bf,b121900
2508b48,a1bd44b
7083b73,442bb80
93a0c64,442bb80
db323cc,442bb80
d76175b,442bb80
8302b59,442bb80
587d4db,442bb80
441a9da,442bb80
9123902,442bb80
d5ac6d7,442bb80
8302b59,57ed8fb
7ae1adc,57ed8fb
0ab7be4,57ed8fb
587d4db,8ee0bb2
0ab7be4,8ee0bb2
65355ea,eb54e17
e91b936,eb54e17
0d7dd45,eb54e17
a5c17d5,eb54e17
287561f,eb54e17
a197cfa,eb54e17
0ab7be4,eb54e17
edc08d8,eb54e17
2358faf,eb54e17
92fa0ef,eb54e17
2d5a6da,eb54e17
83577ce,eb54e17
b30f8f7,eb54e17
f2d5044,eb54e17
fc12792,eb54e17
63936ac,eb54e17
587d4db,eb54e17
8302b59,eb54e17
bd79053,eb54e17
c6e5864,eb54e17
21a9021,eb54e17
e888c38,eb54e17
2f5cfa7,eb54e17
4d46295,eb54e17
6cb9840,eb54e17
77e7819,eb54e17
1560588,eb54e17
02dc9e7,eb54e17
af40053,eb54e17
2297add,eb54e17
803fe7f,eb54e17
47a66c9,eb54e17
69baaad,eb54e17
5105dd1,eb54e17
b4f6bfa,eb54e17
56b1f11,eb54e17
29fd898,eb54e17
b59d43f,eb54e17
0dec866,eb54e17
51f4660,eb54e17
ea4b977,eb54e17
a80ef69,eb54e17
48d09b8,eb54e17
61c5ca3,eb54e17
d93c406,eb54e17
da88ace,eb54e17
df56ed4,eb54e17
4dc6b59,eb54e17
8af0230,926332c
4b53d37,546f624
f453cee,449018f
ed670c5,449018f
7ae1adc,449018f
377bc4a,68c274a
fce7435,68c274a
fb84d5e,68c274a
285d433,68c274a
2ba40e0,68c274a
d4e70e3,68c274a
b101666,68c274a
23464f9,68c274a
7c633bc,68c274a
14c1a90,c8bd3f1
d1fa19d,c8bd3f1
fa01873,c8bd3f1
69baaad,b1ccb4c
0d7dd45,b1ccb4c
5105dd1,b1ccb4c
34719b2,bf39e2e
b73f0ad,bf39e2e
78e9fa6,9348dad
dd2f656,9348dad
17b139b,cd32ec4
e74bb20,80ae4b4
d6ba465,80ae4b4
1114e5e,80ae4b4
df76ccf,80ae4b4
8600e96,80ae4b4
0e6b5ba,80ae4b4
cacf525,80ae4b4
9ac1348,80ae4b4
392b53d,80ae4b4
33c019d,80ae4b4
7091b15,80ae4b4
23464f9,80ae4b4
8302b59,80ae4b4
8f8ad98,80ae4b4
c26457a,80ae4b4
425451c,80ae4b4
004251e,80ae4b4
14c1a90,80ae4b4
ea5ca4f,80ae4b4
1cb7145,80ae4b4
2ba40e0,38c9403
20f4ac7,38c9403
839ee88,38c9403
9a6ad71,38c9403
1145b8b,38c9403
c2f5b37,38c9403
83df135,38c9403
e0507a3,38c9403
05418c4,38c9403
bf42844,38c9403
923a6b4,38c9403
8302b59,7ae3d19
d81de85,20f9a4d
fdb3722,7ecc632
8302b59,11b703b
85fa2f7,11b703b
eb1ceaa,11b703b
f6c6f7b,c99b757
8302b59,c99b757
4e34f59,c99b757
a592436,c99b757
5cf7c51,c99b757
cae6008,c99b757
f0b215a,c99b757
8f8ad98,c99b757
587d4db,c99b757
ab86c62,c99b757
a84f407,c99b757
72bd38a,c99b757
bd2bc14,c99b757
1ebb17a,c99b757
632f85f,c99b757
6ad8c32,c99b757
180aae2,c99b757
6b7582a,c99b757
bb4d29c,c99b757
03f53ed,c99b757
9ac1348,c99b757
9a1993f,c99b757
cfb82ec,c99b757
28e5f0e,c99b757
c0240dd,c99b757
af3b987,c99b757
61b876b,c99b757
c1ecf09,c99b757
01ffb6e,c99b757
e44ce7e,c99b757
8302b59,862926f
c678a67,31980cd
a28d8f0,d48e9b5
a63bb3c,63b3a62
a1468da,d073204
f2d5044,1436350
0ab7be4,1436350
689b2f1,1436350
cf67b44,1436350
14c1a90,58b645e
6b02033,58b645e
0ab7be4,baaff68
8302b59,04e0bc7
f1c9dc0,5e61c35
70e3bc7,5e61c35
1114e5e,5e61c35
23464f9,5e61c35
75132fb,5e61c35
407198c,5e61c35
1e8f4fc,5e61c35
e6eb7fc,5e61c35
d8090e5,5e61c35
629000a,5e61c35
0377b3c,5e61c35
c057ee9,5e61c35
b8fc15a,5e61c35
5b13ea8,5e61c35
589c6da,5e61c35
7cbb9b6,77d1b24
86a9e02,c1ed351
8f8ad98,c1ed351
347d1e2,c1ed351
fa962a7,a286de8
c89092b,a286de8
b1ae4ea,a286de8
9aee2ae,a286de8
14c1a90,a286de8
69baaad,a286de8
67f894f,a286de8
d1fa19d,a286de8
c5d6e7a,a286de8
9a266ae,a286de8
f20dc36,a286de8
9ac1348,7e07190
f20dc36,a23d2ad
0ef85a8,f1e717d
394909c,6085e16
9f22767,ad0f8ae
db323cc,ad0f8ae
197943a,ad0f8ae
3e69d1b,ad0f8ae
8302b59,ad0f8ae
c1a0a05,ad0f8ae
85fa2f7,ad0f8ae
56b1f11,ad0f8ae
096be07,ad0f8ae
5074134,ad0f8ae
b4c883a,ad0f8ae
ceb805f,ad0f8ae
c678a67,ad0f8ae
1eb5681,ad0f8ae
8302b59,669b563
271d64b,f22546c
f1e3e8c,9e37027
8302b59,e7b198b
5cc1216,cdc11c4
136c8a5,cdc11c4
6ad8c32,cdc11c4
ffe2994,cdc11c4
56eeb0d,151aee9
23464f9,6b8983a
8302b59,6b8983a
eb1ceaa,6b8983a
ec453e2,06b1010
8302b59,06b1010
4f9f15f,06b1010
5e65ded,06b1010
9ac1348,06b1010
79fff6e,06b1010
5c3aade,06b1010
e8f0b34,ae38906
12a6d5d,b6db2bc
a1468da,0b66424
25adbff,0b66424
5ffb92e,0b66424
b8c1a63,0b66424
d073204,0b66424
e7df609,a9dcd73
0718a09,f8f9ced
2d84f11,f8f9ced
9ba741e,f8f9ced
8302b59,345e421
28513fb,345e421
5cffa5b,7a01180
efdf326,7a01180
1dc2f4d,9c0da84
96fcafd,9c0da84
8ba8aca,9c0da84
0758dc6,9c0da84
7ae1adc,9c0da84
8302b59,fe70140
0c30409,4bafd24
8d13ace,4bafd24
0681e44,4bafd24
90538c3,4bafd24
0dc042d0,4bafd24
0e89873,4bafd24
c6f4974,1ba8be9
0718a09,ef47d96
2ff8eb0,ef47d96
5cffa5b,f1a6824
caacd90,022e563
bbb557d,022e563
9b2c10d,ee7feb4
b8fc15a,ee7feb4
eb59395,a150a0b
03b59be,a150a0b
c5cfecd,a150a0b
881b505,86c57cb
9ac1348,fb8bdd5
407198c,d9eba01
5d6e012,bf6a1fa
5d6e012,7d8d20f
5ba4ff0,7d8d20f
5ba4ff0,9d34c27
5d6e012,9d34c27
28e35ce,9d34c27
de12ac9,9d34c27
dd2f656,9d34c27
8af0230,9d34c27
ddc462b,9d34c27
a753f5c,58a98dc
7c633bc,58a98dc
23836d9,58a98dc
5209913,58a98dc
c2f5b37,58a98dc
d02496b,a8d8411
0650c7e,a8d8411
fd79192,a8d8411
9ac1348,a8d8411
2ba40e0,a8d8411
e61fe89,a8d8411
8302b59,a8d8411
d9c23c1,a8d8411
a8b1998,ba587b5
8302b59,ba587b5
1d88b42,ba587b5
7ae1adc,ba587b5
22d0d69,63545fd
c9d2c9f,92074d8
fce7435,dfef3a8
9397859,dfef3a8
a753f5c,bea91c0
79c64a6,bea91c0
f11bdc9,bea91c0
a3e6340,bea91c0
4338d69,bea91c0
6ad8c32,bea91c0
ffe2994,bea91c0
6c97c6e,bea91c0
cfaeec7,614af77
95d5b62,614af77
c1d2bad,614af77
4f82f75,614af77
8af0230,614af77
d0a64bb,5eecdc5
546f624,5eecdc5
d39cff2,5eecdc5
9870f1d,5eecdc5
4f64200,5eecdc5
3be3a1e,5eecdc5
2ba40e0,fe7f066
587d4db,fe7f066
a85344c,9663cad
85685ca,9663cad
db323cc,9663cad
2ee5cad,9663cad
d475f37,9663cad
80a3aeb,9663cad
dedbd30,5971c62
8302b59,d6805dd
4ca7724,4574a2f
51f4660,19694f2
0632382,19694f2
419f8e4,19694f2
ca67759,19694f2
9ac1348,19694f2
cacf525,19694f2
1ad9d98,19694f2
81ebdbb,19694f2
9e8840b,19694f2
8293073,19694f2
14c1a90,19694f2
67f894f,19694f2
2d121e3,19694f2
1ebb17a,19694f2
cde0c9b,19694f2
b884130,19694f2
79c64a6,19694f2
afbf711,19694f2
9936558,19694f2
413f455,19694f2
180aae2,19694f2
dd4b63a,19694f2
04e32d4,19694f2
dedbd30,19694f2
cad9692,19694f2
3faa105,19694f2
faa357a,19694f2
17fe60f,19694f2
425451c,19694f2
b733b24,19694f2
ecdef4a,19694f2
c651b54,19694f2
1328164,19694f2
7665b47,19694f2
f2f25cc,19694f2
e40ab33,19694f2
0ab7be4,19694f2
2aca023,19694f2
c899055,19694f2
d6ba465,19694f2
5cc5dd7,19694f2
5b13ea8,19694f2
949a55d,19694f2
e2928f5,19694f2
b30f8f7,19694f2
d1fa19d,19694f2
a3cf821,19694f2
44edc52,19694f2
0a47674,19694f2
1114e5e,19694f2
8302b59,19694f2
7ae1adc,19694f2
688a4fd,19694f2
66c89b5,19694f2
e61fe89,19694f2
e397f7f,19694f2
c5d6e7a,19694f2
ab461c4,19694f2
95f6234,19694f2
a912752,19694f2
caacd90,19694f2
3b65425,19694f2
5f33f84,19694f2
11be3a7,19694f2
29a8ae1,19694f2
c26457a,19694f2
a7dd5e6,19694f2
2d2d7ca,19694f2
55b1a2b,19694f2
844f373,19694f2
abc4208,19694f2
81987ae,19694f2
1632c15,19694f2
3e35a5e,19694f2
9aee2ae,19694f2
407198c,19694f2
2c329d0,19694f2
ad4b9bc,19694f2
bf6841b,19694f2
6a71e95,19694f2
8f8ad98,19694f2
3575b04,19694f2
295f682,19694f2
381da29,19694f2
7e07190,19694f2
1a6490c,19694f2
f116eaf,19694f2
2ffc41c,19694f2
5bad0a1,19694f2
f2038af,19694f2
3cf847a,19694f2
700aba2,19694f2
90a0e3c,19694f2
75d2b0f,19694f2
9870f1d,19694f2
3bd014e,19694f2
aa89aa9,19694f2
287561f,19694f2
56eeb0d,19694f2
0d28e2d,19694f2
3acb809,19694f2
52d8708,19694f2
8600e96,19694f2
9b0b02e,19694f2
70e3bc7,19694f2
764b4de,19694f2
d88c5f7,19694f2
f92a8e5,19694f2
55ae5fa,79bb8a8
a3e6340,4338d69
e6786b8,fe0a81c
c899055,fe0a81c
8e962f5,fe0a81c
cbf4239,fe0a81c
01d5fff,fe0a81c
8302b59,63f59b8
358e011,63f59b8
8389671,3d7f643
99af2cc,3d7f643
67a9a71,3d7f643
ddc462b,3d7f643
cf934a8,a038faf
ed670c5,217b828
ced30e4,217b828
2d2d7ca,217b828
b32f4fc,217b828
c899055,217b828
b1ae4ea,217b828
d346c2c,cd8edbf
e2928f5,cd8edbf
f84eaae,cd8edbf
53602af,cd8edbf
662507a,cd8edbf
4f64200,cd8edbf
db323cc,657a0b1
ee5c65a,8333300
91a7a42,8333300
db6fccb,ee3e0b6
d346c2c,8ae245b
9ac1348,26c802b
e6eb7fc,26c802b
3246649,26c802b
2a1537f,26c802b
f6f03aa,b79d955
0e60611,b79d955
caacd90,eefaff5
650f45d,eefaff5
8fe5024,eefaff5
ecdef4a,e84d3be
befea0a,03d8db0
276a4cb,cdbbab5
c9314d8,42fac05
2623426,8c0765c
6cd88c7,8c0765c
e7b22e1,8c0765c
ca3bcb5,8c0765c
97e6874,98c6590
0e07329,5638e67
2d84f11,5638e67
3246649,5638e67
cb4d650,5638e67
17fe60f,5638e67
c8e7b61,3c46086
36bc874,428d233
ee5eb14,428d233
aa61a63,428d233
6fab3e1,428d233
6e95726,428d233
caacd90,428d233
255907b,428d233
ef95c1b,428d233
ac072ef,7267b4c
fd9fd33,7267b4c
f6616e4,7267b4c
fb40df4,b647e76
cfe98ae,b647e76
82695b7,7bc7417
5d7f59e,7bc7417
6b57dcd,7bc7417
17dedca,7bc7417
7d232d8,7bc7417
aa8a3ef,7bc7417
9ac90b1,7bc7417
fe7f066,7bc7417
d346c2c,7bc7417
df43a77,7bc7417
ffd2bb8,f8c6111
ff9451e,f8c6111
05418c4,f8c6111
735f2ac,f8c6111
1030adf,f8c6111
ecc7cc5,f8c6111
b1ae4ea,f8c6111
b8f5854,f8c6111
af3aa72,f8c6111
2e5876b,dc52e0c
7bbc5de,dc52e0c
7ae1adc,dc52e0c
ae8f033,dc52e0c
25b2dd1,dc52e0c
27ca7a1,dc52e0c
530ce91,dc52e0c
6171ad3,dc52e0c
57ed8fb,dc52e0c
068c78d,dc52e0c
8302b59,dc52e0c
0c6a976,dc52e0c
3b65425,dc52e0c
9ac1348,dc52e0c
32441f9,dc52e0c
0ab7be4,dc52e0c
ccc30aa,dc52e0c
c50faba,dc52e0c
fd9fd33,dc52e0c
7b3e75c,db3e41b
23a1da4,0205670
8302b59,0205670
e63526c,0205670
5cf8f6e,0205670
735f2ac,0205670
63f59b8,0205670
bad6e00,0205670
7a409c9,b5d2d49
edc08d8,c58b20e
7d13a72,c58b20e
8302b59,c58b20e
d1a5aa1,c58b20e
93e0019,c58b20e
cbccfb9,c58b20e
0ab7be4,c58b20e
ce4ee03,3905a2e
3a718a8,83440bb
cf934a8,7347f8a
383f043,7347f8a
f2d5044,7347f8a
bd2bc14,7347f8a
1145b8b,7347f8a
db6fccb,7347f8a
d4c22e0,7347f8a
d346c2c,e2b7f13
76ba8fb,f9df13e
ddc462b,29b7b7e
ee5c65a,29b7b7e
48462a6,29b7b7e
d3156a6,29b7b7e
3a718a8,29b7b7e
bba7c8d,4da56ba
377bc4a,4da56ba
159baf5,4da56ba
045971b,4da56ba
d3156a6,4da56ba
12975b2,4da56ba
f21ea67,4da56ba
3d81eb5,4da56ba
17fe60f,4da56ba
649a3a6,4da56ba
8ef76f1,4da56ba
ad12189,4da56ba
63545fd,4da56ba
23464f9,9cc47b6
d940918,9cc47b6
cae6008,9cc47b6
a753f5c,9cc47b6
96922c4,9cc47b6
0ef4862,9cc47b6
e57e208,9cc47b6
c364795,7eb89d3
14c1a90,7eb89d3
efa1f37,3f3f573
4333e18,c97f169
60194c8,c97f169
db6fccb,c97f169
079270e,393b06a
7347f8a,393b06a
3d92bb5,393b06a
fb40df4,393b06a
c11c06f,393b06a
cf934a8,393b06a
48cf6fe,393b06a
d81de85,393b06a
b05dabd,393b06a
1ac0dd2,393b06a
f8c5d42,393b06a
22cee88,393b06a
531cd01,393b06a
ab461c4,393b06a
f4c7a83,393b06a
c21177a,393b06a
4f4624d,393b06a
7665b47,393b06a
5101e41,393b06a
f5ada4c,393b06a
d29b4e0,393b06a
9ac1348,393b06a
f1dcab5,393b06a
db6fccb,393b06a
1145b8b,393b06a
d4c22e0,393b06a
2ba40e0,393b06a
ca41ab7,2e4d25b
ef5907c,e37939d
c899055,e37939d
55b1a2b,e37939d
1114e5e,e37939d
3c6f5d4,e37939d
0d28e2d,e37939d
5fdeb8c,e37939d
7b8a0e8,e37939d
28378db,e37939d
217b828,e37939d
392b53d,4f99f41
8302b59,4f99f41
ea5ca4f,4f99f41
8f8ad98,4f99f41
9ac1348,4f99f41
dd4b63a,4f99f41
7f5575a,4f99f41
3a718a8,29d4eb5
1d34e82,29d4eb5
7cd015a,29d4eb5
7091b15,7427294
c651b54,7427294
8302b59,7427294
295f682,7427294
9884888,7427294
9ac1348,7427294
392b53d,7427294
32441f9,7427294
b1ae4ea,3aac2f9
b702955,d04a624
17fe60f,d04a624
14c1a90,381387a
6b2fa9d,381387a
d1fa19d,381387a
81d39d2,7d9601d
8cbd60e,7d9601d
49a9dd9,7d9601d
69baaad,7d9601d
e0b84c4,7d9601d
46d6b7b,247ce31
af98d51,247ce31
3a718a8,971bafa
e83d876,971bafa
c5cfecd,971bafa
23836d9,971bafa
9ac1348,971bafa
e971246,971bafa
4bd4594,971bafa
7c633bc,971bafa
2ba40e0,971bafa
9a6ad71,971bafa
643c8c6,971bafa
6c717e9,971bafa
2f98da2,971bafa
a517e35,971bafa
1ebb17a,971bafa
727825a,971bafa
e980a34,971bafa
4734914,971bafa
9d4ec98,971bafa
db4aef3,971bafa
2a18d33,971bafa
2e51e80,971bafa
552cba1,971bafa
3455716,efc8ce5
9ac1348,9f0a5c4
1ad9d98,792ac39
b121900,792ac39
3a348b6,792ac39
587d4db,3983544
8302b59,3983544
735f2ac,3983544
eb17a16,a03a126
0f4b3aa,a03a126
8302b59,9a8fec4
ca41ab7,9a8fec4
16eb8c2,9a8fec4
15494ac,9a8fec4
f85039e,72b2099
1d3ab56,72b2099
78e9fa6,72b2099
822ecf3,72b2099
51f4660,72b2099
0632382,72b2099
347d1e2,e9f3c5d
159baf5,3b64e0b
8fc2839,3b64e0b
8af0230,3b64e0b
30b6f6f,3b64e0b
4f82f75,3b64e0b
417a81e,e9b339a
d439a41,e9b339a
3f8cef8,e9b339a
a753f5c,e9b339a
60c6952,e9b339a
6d87d1d,e9b339a
1410667,e9b339a
0f1e2f3,e9b339a
5a69746,e9b339a
eb582f4,e9b339a
cf88009,cf96639
00d3691,cf96639
08e8c19,242757c
587d4db,cb7562c
5b13ea8,cb7562c
cd98824,e3cbb4e
62c8d5b,e3cbb4e
f9b400d,0910a68
180aae2,0910a68
5d6e012,8d1a769
9c8aa57,8d1a769
5ba4ff0,8d1a769
8f8ad98,555d952
0c8b088,555d952
fbd6328,b696192
0d2cdb8,b696192
c542558,b696192
022b0ff,b696192
4b62348,b696192
6e95726,b696192
56b1f11,b696192
a8e2d55,b696192
caacd90,b696192
a51b28e,b696192
180aae2,b696192
cdbc208,b696192
96fcafd,b696192
bd2bc14,b696192
f5ada4c,3f9e9f7
9ac1348,3f9e9f7
02b2bf1,3f9e9f7
c21177a,3f9e9f7
d439a41,30db2fd
b6a8644,adfbf4c
52a1967,adfbf4c
3e35a5e,adfbf4c
cd98824,adfbf4c
d0677dd,adfbf4c
fe688fd,adfbf4c
a1de0f9,2d37710
fa43c20,2d37710
8470f9b,81a1337
9ac1348,1c496d7
068dc2d,1c496d7
5645021,314143f
b80cbb9,ce50e50
d4e70e3,ce50e50
83df135,ce50e50
9204437,ce50e50
23464f9,ce50e50
bb9ba25,70d041c
180aae2,70d9997
446457d,70d9997
a0bf196,70d9997
764b4de,70d9997
6b06072,70d9997
f95533e,fbc4499
d0c6dd2,fbc4499
f2d5044,d80fd56
7d76b7c,2996c65
34e716c,2e08e88
9ce8de8,2e08e88
a5ebb37,211da2e
9204437,cba8015
ef474d3,9bf2b2d
0632382,9bf2b2d
1d3ab56,9bf2b2d
add1382,785d501
a8a1efb,785d501
f89156b,785d501
ffe4b9d,785d501
208d48f,0dfb1cd
d8e9746,0dfb1cd
4f82f75,c797992
84b7ea2,3e987b8
47f078f,3e987b8
4dfbb99,3e987b8
5971c62,3e987b8
844f373,3e987b8
ecdef4a,3e987b8
0890e1e,3e987b8
c83a3d4,3e987b8
f66bb5b,3e987b8
2c329d0,3e987b8
05c3b53,3e987b8
dca7a0a,64871ad
f6d1cf0,c203ffc
d4235f9,c203ffc
0573ee1,a246737
ca41ab7,dcc6560
009c412,dcc6560
d6f297c,dcc6560
a97aa29,dcc6560
cd98824,dcc6560
e4eaf05,dcc6560
bb9ba25,dcc6560
92f4d10,dcc6560
5f1483c,4ce71f2
ebb8cce,537b92e
da7dae3,537b92e
06131aa,537b92e
1ad9d98,537b92e
55b1a2b,537b92e
75d2b0f,537b92e
6f71221,537b92e
f1c9dc0,537b92e
c213a60,0c6f1df
a0bf196,0c6f1df
ca41ab7,0c6f1df
ca41ab7,e4345ae
f5936f9,e4345ae
2c19316,e4345ae
9f764dd,59675ad
1c8478a,59675ad
9ca536f,59675ad
b121900,59675ad
cd98824,59675ad
8302b59,59675ad
55b1a2b,59675ad
111e3aa,59675ad
a7dd5e6,59675ad
29a8ae1,59675ad
c26457a,59675ad
f98b419,59675ad
4014f5b,59675ad
a81ffec,fff2105
cdbc208,11629d5
c542558,11629d5
e7662c5,11629d5
d461fb9,11629d5
2ba40e0,11629d5
fbd6328,11629d5
1301eae,11629d5
b696192,11629d5
481c416,11629d5
72c2941,11629d5
632f85f,11629d5
c323c9b,11629d5
1fb009e,11629d5
caacd90,11629d5
ee42337,11629d5
587d4db,11629d5
56eeb0d,11629d5
4705bcd,11629d5
8ba8aca,11629d5
70d9997,11629d5
0758dc6,11629d5
022b0ff,11629d5
8302b59,11629d5
bbb557d,11629d5
7ae1adc,11629d5
d8e9746,11629d5
180aae2,11629d5
5186ea7,11629d5
96fcafd,11629d5
8af0230,98178e0
587d4db,5136456
4f82f75,0586be7
6e95726,37c2f08
90f73e5,dde8d76
d8e9746,dde8d76
f590a94,dde8d76
2ec875b,dde8d76
c323c9b,dde8d76
d188d20,dde8d76
edfca7f,dde8d76
fed11c3,dde8d76
fbd6328,f9e8df1
9a48c70,f9e8df1
37c2f08,11629d5
a842649,15076cc
96922c4,10f24d7
d346c2c,e568f84
ab461c4,4eeee93
d461fb9,4eeee93
b696192,4eeee93
19f6945,4eeee93
cdbc208,4eeee93
932cc56,4eeee93
8302b59,4eeee93
978f7a3,4eeee93
66c73be,4eeee93
caacd90,4eeee93
632f85f,4eeee93
587d4db,4eeee93
d8e9746,4eeee93
180aae2,4eeee93
e398aaa,4eeee93
05753de,4eeee93
2f2d3f7,4eeee93
4705bcd,4eeee93
1d12fed,4f3bf0b
9ac90b1,4f3bf0b
421afdf,4f3bf0b
d346c2c,4f3bf0b
2a8cfcb,1fc2bba
79919f1,1fc2bba
0614f60,3d66575
ab461c4,6cfaf18
c00c539,6cfaf18
587d4db,6cfaf18
96ebc19,6cfaf18
ac9694f,6cfaf18
9ac1348,6cfaf18
a748cf4,6cfaf18
8d3b798,6cfaf18
1fcd8cc,6cfaf18
dbe1d40,6cfaf18
75d2b0f,6cfaf18
b333744,6cfaf18
172c4a9,6cfaf18
ae65576,6cfaf18
11be3a7,6cfaf18
817ab57,6cfaf18
3455716,aeb158a
8a4d2a7,1c4c5f1
fce7435,9fcbc97
0f7098b,9fcbc97
b62101a,9fcbc97
89201bf,9fcbc97
e9747a4,9fcbc97
e3ef1bd,9fcbc97
84597cc,9fcbc97
285d433,9fcbc97
4bd4594,9fcbc97
79919f1,579b9e8
ba266f6,4b514d9
8470f9b,4b514d9
ad9beb8,377e066
009edff,377e066
4aca95c,377e066
ab461c4,377e066
00b6c5f,377e066
9a8fec4,a531d9b
c22ee20,a531d9b
0613f8b,a531d9b
8f8ad98,a531d9b
96dc856,a531d9b
feeb17f,a531d9b
2fdf8bc,a531d9b
0964359,a531d9b
2cd2a39,a531d9b
8d1a769,a531d9b
cfd4171,a531d9b
4366132,a531d9b
4574a2f,a531d9b
60966bb,a531d9b
98bf66d,a531d9b
1eb5681,68a1ce2
ef89201,b80bb71
fa43c20,b80bb71
7ae1adc,b80bb71
0d9f725,b80bb71
e6786b8,b80bb71
4d95322,b80bb71
1c8afae,b80bb71
c9a4335,b80bb71
8dceece,b80bb71
11be3a7,b80bb71
974dfe8,8a4f992
d8e9746,e79df83
6c717e9,9c7c2c7
0e67d55,9c7c2c7
15f72ee,9c7c2c7
4334c1a,9c7c2c7
2ba40e0,9c7c2c7
ffe2994,9c7c2c7
6c97c6e,7e1bb12
923a6b4,7e1bb12
a9de4d6,403fb43
a0cbf7d,403fb43
8373061,403fb43
c0dada9,403fb43
d346c2c,403fb43
4aca95c,e640f4d
90ea1cf,999b47d
bfd1564,999b47d
d11f3d4,999b47d
e91b936,999b47d
4f64200,999b47d
452a7f2,999b47d
29fd898,999b47d
287561f,999b47d
56eeb0d,999b47d
28f9e9f,999b47d
4280831,999b47d
6c4453a,999b47d
9d79ab1,68a39d4
916442f,68a39d4
d346c2c,cacfb41
c0240dd,8a506dd
c99b757,8a506dd
d78fa40,8a506dd
01ffb6e,8a506dd
ab4f0b8,569c0f9
b77cce4,569c0f9
74cad24,569c0f9
abce435,7b81d67
8be6f2f,ed75e8f
84b7ea2,5443d02
3e987b8,5443d02
bbb4aff,5d881fc
d4c2bf2,5d881fc
1482e6b,5d881fc
e795ffa,5d881fc
58554c3,209b59d
9ac1348,a2b9408
90ea1cf,5e74e87
bfd1564,5e74e87
abeb523,5e74e87
9261a11,5e74e87
cf55808,5e74e87
4280831,5e74e87
6c4453a,5e74e87
c2064cd,e6036c7
6d87d1d,e6036c7
a753f5c,e6036c7
2843d77,e6036c7
0394d7e,e6036c7
3f8cef8,e6036c7
96922c4,e6036c7
7c633bc,e6036c7
b1ae4ea,e6036c7
4bb5eec,e44e9e7
84b7ea2,02f8169
150195e,ec076e2
8302b59,46c7ac1
6c3c741,d35b15c
ca67759,0985858
6133775,0985858
b6af501,0985858
cd98824,0985858
78835ca,0985858
860d76b,0985858
407198c,0985858
0681e44,0985858
9ac1348,0985858
2dedeeb,0985858
1acea49,0985858
2639de4,0985858
538185b,63373f6
c26457a,63373f6
5d3ff85,63373f6
30b6f6f,63373f6
1114e5e,63373f6
2ee5cad,63373f6
ddc462b,63373f6
005da07,63373f6
0349fe6,63373f6
ca41ab7,0bf12da
df6ee72,409cd6f
3650090,409cd6f
3650090,f92be31
9a7bf72,815e221
a5055fc,0cd7130
db6f012,0cd7130
a5055fc,6a6478b
db6f012,6a6478b
e92e391,e5a3d2a
9f0be5c,da20948
3b65425,da20948
30f8141,da20948
d3156a6,da20948
82ae015,da20948
bf42844,da20948
285d433,da20948
86bf30c,da20948
643c8c6,da20948
c744cfe,da20948
8f8ad98,da20948
d990f54,da20948
5ff1e1f,da20948
1d0db70,da20948
1e7a11f,da20948
538185b,da20948
c5cfecd,da20948
4734914,da20948
9ac1348,da20948
d30d243,da20948
e3089ed,da20948
ce27d19,da20948
7779137,da20948
ec5c394,da20948
9b6d869,da20948
cf55808,fc225f0
ca60bae,fc225f0
d4e70e3,68e2228
abce435,1bfe36e
c055717,80c2855
099f3b7,616c176
d346c2c,616c176
9ac1348,d96cafd
25f9280,b9d7ad7
d5e024b,b9d7ad7
7978965,b9d7ad7
a779dcf,b9d7ad7
89201bf,b9d7ad7
cbc941e,b9d7ad7
2ba40e0,b9d7ad7
91f1328,b9d7ad7
a90cbb5,b9d7ad7
fce7435,b9d7ad7
cf55808,b9d7ad7
0f7098b,b9d7ad7
079270e,b9d7ad7
5816e99,b9d7ad7
9ac1348,b9d7ad7
8fce4ba,b9d7ad7
4bd4594,b9d7ad7
a038faf,b9d7ad7
6024770,b9d7ad7
4212f20,b9d7ad7
b62101a,b9d7ad7
caacd90,b9d7ad7
22cee88,b9d7ad7
1cb17d6,b9d7ad7
e3ef1bd,b9d7ad7
d7572f7,b9d7ad7
285d433,b9d7ad7
4479af4,b9d7ad7
6c717e9,b9d7ad7
ec5c394,b9d7ad7
f151c43,b9d7ad7
43e2838,b9d7ad7
7fe2520,b9d7ad7
3dc5d77,b9d7ad7
bc54006,b9d7ad7
e2928f5,b9d7ad7
b184212,b9d7ad7
254a50a,b9d7ad7
c68f16d,b9d7ad7
84597cc,b9d7ad7
f1dcab5,b9d7ad7
b9d7ad7,9fcbc97
ec5c394,9fcbc97
cf55808,9fcbc97
b007c09,9fcbc97
d1bd3db,3f751c1
7827692,3f751c1
4479af4,e6634f5
021b558,69fbf9e
9ac1348,b1141b7
ec453e2,579ea90
d1fa19d,579ea90
e9b8ef8,277c342
b85d14d,277c342
1d12fed,b2e80f6
498f90c,b2e80f6
2280bd7,09c5ffa
cd076b5,09c5ffa
9a7bf72,09c5ffa
33ec58a,09c5ffa
ca41ab7,1dc6936
8eab9fd,1dc6936
b333744,1dc6936
dcc6560,1dc6936
2d84f11,1dc6936
935ec57,6731939
935ec57,a0e2a37
76e98ab,e194b90
9a7bf72,b8c8e74
a5055fc,b8c8e74
d4e70e3,b8c8e74
6d255dd,b8c8e74
a3b54ad,b8c8e74
b792a08,b8c8e74
67acf67,b8c8e74
601131e,b8c8e74
ade3284,b8c8e74
10322ae,b8c8e74
b8e753b,b8c8e74
143da32,b8c8e74
cf55808,b8c8e74
1879dba,b8c8e74
78b3d1a,b8c8e74
b007c09,b8c8e74
b9c3e19,b8c8e74
f5936f9,b8c8e74
ca67759,031c9e2
fb2bc02,031c9e2
9ba741e,031c9e2
ed670c5,031c9e2
2d2d7ca,031c9e2
fa1ca78,031c9e2
54350df,031c9e2
e63526c,031c9e2
301598d,031c9e2
407198c,031c9e2
9ac1348,031c9e2
c840280,031c9e2
1acea49,031c9e2
d346c2c,cef1c8d
ff522f0,ee9b545
9ac1348,ee9b545
eea1dbd,08a52a2
150195e,7e68b0a
da963f5,7e68b0a
08a929a,7e68b0a
268065d,11c6a62
425451c,d7a4bb1
1a713ed,2ce3782
3ecc5e3,2ce3782
cf55808,2ce3782
b007c09,2ce3782
cee83ae,2ce3782
4d28be1,2ce3782
5ee85c6,2ce3782
f29ee8d,2ce3782
8841b29,2ce3782
449c977,2ce3782
d6db870,2ce3782
da963f5,5b7fcbc
cf55808,5b7fcbc
23a1da4,5b7fcbc
67adec7,5b7fcbc
8302b59,5b7fcbc
afe400f,5b7fcbc
802e6a0,5b7fcbc
864f697,5b7fcbc
1ec0060,5b7fcbc
614bc93,5b7fcbc
af23aa1,5b7fcbc
9433372,5b7fcbc
cf1012e,5b7fcbc
23464f9,5b7fcbc
16c6662,5b7fcbc
9eda3eb,5b7fcbc
6326760,5b7fcbc
b23be0a,5b7fcbc
598ec95,5b7fcbc
b7674f0,5b7fcbc
1c3949a,5b7fcbc
9ac1348,5b7fcbc
5086a49,5b7fcbc
78e9fa6,5b7fcbc
f32fea8,5b7fcbc
60d44a7,5b7fcbc
00e9f55,5b7fcbc
dd2f656,5b7fcbc
4c05467,5b7fcbc
8a88206,5b7fcbc
65cf3e5,5b7fcbc
9ac412f,5b7fcbc
217e805,5b7fcbc
935ec57,4435d73
3a718a8,c28391c
729591c,c28391c
8240928,c28391c
23464f9,c28391c
bf42844,c28391c
7109d20,c28391c
923a6b4,c28391c
ce27d19,c28391c
af3b987,c28391c
0ad7661,c28391c
9f81dd4,c28391c
93d3523,c28391c
407198c,c28391c
8e963a5,0a63406
a7f8c0a,0a63406
22c2f40,0a63406
ac48803,0a63406
ef3075c,bf9e10a
9ac1348,a2c1929
158c09a,14e71d6
c4760e4,14e71d6
56e7562,14e71d6
090b0a6,14e71d6
576a206,14e71d6
69576a6,14e71d6
1145b8b,14e71d6
9204437,14e71d6
7442715,14e71d6
5aa5e2c,14e71d6
0caea7a,14e71d6
53f96c5,14e71d6
a038faf,14e71d6
db2be4f,14e71d6
9d65d0c,14e71d6
8f8ad98,14e71d6
b007c09,14e71d6
2b06169,14e71d6
866ca3e,c1a0dc3
d1fa19d,c1a0dc3
4f45eb6,9b27039
0ab7be4,9b27039
f5b24e9,6fbfe4c
caacd90,6fbfe4c
8302b59,6fbfe4c
b1ae4ea,6fbfe4c
5b13ea8,6fbfe4c
15cbdb5,6fbfe4c
018db95,07c96ef
d346c2c,744d514
fbd6328,dbba2bb
ab461c4,dbba2bb
069ff04,dbba2bb
8302b59,dbba2bb
cb4c698,dbba2bb
8de9578,dbba2bb
9e8f583,dbba2bb
180aae2,dbba2bb
c96e59e,dbba2bb
fe67dbf,dbba2bb
bd2bc14,dbba2bb
a9a3aa5,dbba2bb
a529020,dbba2bb
caacd90,dbba2bb
49ac8b5,dbba2bb
0ab7be4,dbba2bb
81d26ff,9f2fd59
c87ae25,9f2fd59
4278fd7,9f2fd59
11629d5,005198a
6198980,005198a
1d12fed,7741bad
498f90c,7741bad
fa3db67,7741bad
470dbc4,7741bad
672d200,7741bad
c0bef89,7741bad
3432881,7741bad
d346c2c,7741bad
c2f43bb,c57e881
0e75e96,c57e881
cf55808,ea4cb0d
1879dba,ea4cb0d
b007c09,ea4cb0d
2584314,ea4cb0d
e6786b8,0c51e8b
528ee54,0c51e8b
69baaad,0c51e8b
2e0e6f1,0c51e8b
1bffb05,0c51e8b
f2d5044,0c51e8b
e08f621,0afac65
5186ea7,b4a5d88
61b876b,b4a5d88
ede30e6,b4a5d88
935ec57,c08f67b
f5088fd,df9c884
00ca37e,598b868
adfbf4c,2baff80
0ef85a8,f51f0a1
23ab028,f51f0a1
736c561,f51f0a1
14c1a90,f51f0a1
81c1d48,3708e77
5c7c120,3708e77
6d255dd,3708e77
2280bd7,3708e77
09c5ffa,3708e77
db6354b,3708e77
796806e,3708e77
caacd90,720fead
a912752,720fead
407198c,720fead
55b1a2b,720fead
935ec57,3a3a2ae
3f1682d,65b406b
935ec57,65b406b
cf934a8,7ff9f95
d091a44,2234caf
af3b987,2234caf
8302b59,2234caf
2115760,2234caf
0ad7661,2234caf
30f8141,2234caf
5427d02,2234caf
9f81dd4,2234caf
f0a9189,5f3d82a
1ebb17a,4a51179
9522300,4a51179
f122946,4a51179
a4c0f38,15762fb
cd98824,15762fb
ff7dd20,15762fb
9ac1348,c90cbc3
223bb29,c90cbc3
b1ae4ea,c90cbc3
4be88e0,c90cbc3
7ba60ed,c90cbc3
75ad2cf,c90cbc3
fed11c3,c90cbc3
113557b,54f4d84
b9c18c2,2ad7506
c08f67b,c331fa4
526be7d,5f13aeb
5bc6815,5f13aeb
90c1a16,5f13aeb
935ec57,8f0117f
e44ce7e,7fc31d9
9c7bcc6,f42f947
a56ad22,f42f947
2e51e80,f42f947
a5ccf8d,f42f947
78336c9,f42f947
0479f09,f42f947
90c5e5b,f42f947
f0a9189,d2d60e9
1e12296,f477d71
d346c2c,09fd1ad
4fe2ff9,09fd1ad
ca41ab7,e27cf46
15494ac,e27cf46
cacfb41,1d8d8f6
d346c2c,1d8d8f6
75e6a7d,19e4fe6
ed157b9,19e4fe6
d346c2c,19e4fe6
efa1f37,53310fe
c90a8a8,53310fe
ca41ab7,dd82351
acd398b,647894a
2115760,99eb69a
8302b59,99eb69a
191fa48,67f2d09
034b01e,67f2d09
14e71d6,67f2d09
e464a81,67f2d09
1145b8b,67f2d09
7408531,67f2d09
a038faf,67f2d09
83c00f8,67f2d09
bd61607,67f2d09
5aa5e2c,67f2d09
a3b54ad,e3f0740
7408531,e3f0740
9a7bf72,e3f0740
e2f85c3,2162638
d346c2c,2162638
d05491a,dac6ef6
90ea1cf,dac6ef6
8302b59,dac6ef6
48c6686,b5e6eac
da963f5,ab1834c
cf55808,ece1463
5ef73e1,ece1463
b007c09,ece1463
1879dba,ece1463
2584314,ece1463
c678a67,920a8a6
4da56ba,920a8a6
12975b2,920a8a6
538185b,920a8a6
7e2b217,e6af00b
f7348bc,e6af00b
5e7bd82,e6af00b
5016bd9,e6af00b
0e07329,e668295
634cff9,7ecbc52
3650090,7ecbc52
3a718a8,7ecbc52
8dceece,7ecbc52
cf55808,7ecbc52
59c19ca,7ecbc52
c393aff,7ecbc52
ea33e03,7ecbc52
17fe60f,7ecbc52
9ac1348,7ecbc52
a3832ff,7ecbc52
c1f7ecb,7ecbc52
b904277,2f27f99
5b02ed8,2f27f99
69baaad,2f27f99
9d00429,2f27f99
3c88006,2f27f99
fba41fa,283262f
52a1967,283262f
e4eaf05,283262f
2508b48,b84765c
d69062d,b84765c
953f98c,2949f15
f4f28c4,2949f15
948a0ef,a1f0747
e182293,a1f0747
403fb43,d2c683f
c0dada9,d2c683f
d346c2c,d2c683f
0b1851b,d2c683f
058fc32,d2c683f
a03a126,d2c683f
0f4b3aa,d2c683f
eebd611,d2c683f
920a8a6,c23a8e7
f20aa63,f99e716
c0dada9,c2db999
58ff246,2833468
d5ac6d7,2833468
e9faa1d,2833468
26e2c3e,2833468
8692186,2833468
9e37027,2833468
496fd2b,2833468
5d2f810,2833468
8692186,0980206
384e49a,948fd05
39d21db,948fd05
1d9506d,6a18cdb
4bf9453,e63d4e1
8302b59,e63d4e1
20ea015,e63d4e1
c055717,35c53f4
7e68b0a,75ec044
f20aa63,75ec044
dd0a4a4,75ec044
4aca95c,bd34cb9
948fd05,bd34cb9
4347eac,0e2e7cd
da963f5,0e2e7cd
d3156a6,c90e305
7b21f86,c90e305
4da56ba,c90e305
538185b,c90e305
4dd868e,4625aed
4ce2635,4625aed
20ea015,4625aed
b61a5f5,4625aed
d091a44,998a380
3c036e9,6f00f61
7ecbc52,6f00f61
5720339,6f00f61
cf55808,6f00f61
83d9844,6f00f61
ea33e03,6f00f61
031c9e2,6f00f61
bf39e2e,6f00f61
018db95,6f00f61
c8895c9,0810159
384e49a,f6af4a5
ad9beb8,f6af4a5
ca7f16e,f6af4a5
4aca95c,f6af4a5
26ff967,f6af4a5
377e066,f6af4a5
403acfc,773d619
8302b59,773d619
3499ff8,f313359
c08f67b,f313359
935ec57,f313359
a9183dd,32bbcc2
0ebefaa,32bbcc2
17fe60f,ef7475e
f2b494b,ef7475e
099f3b7,451bcbf
b97276c,451bcbf
d34e22a,2d20ecc
130c15a,2d20ecc
fe889d7,2d20ecc
f20aa63,8d79286
0b43da6,3034a5b
e050a9f,3034a5b
a038faf,e02851f
5bc6815,e02851f
22a8225,bc8ba66
2162638,bc8ba66
4296f33,bc8ba66
d346c2c,bc8ba66
1e811b9,f02ce63
150195e,8138de2
c2f43bb,8138de2
d2e0309,84f89de
73f280f,84f89de
14c1a90,84f89de
a2c5bdc,84f89de
d1fa19d,84f89de
c01c5d1,86e63ed
d8e9746,125a8c9
d41c590,125a8c9
45461d2,0c505f2
e8f0b34,66ad83d
15820e4,3b93431
c00c539,d752077
394909c,d752077
2a82d84,ce3835d
7305127,0d2964b
935ec57,0d2964b
0b1851b,8a85927
565c09d,d78ffed
5427d02,d78ffed
5a717f7,d78ffed
fa3db67,847c56a
d346c2c,847c56a
c055717,a1ad2bb
35c53f4,a1ad2bb
1879dba,42918bb
5ef73e1,42918bb
b1ecace,42918bb
cf55808,42918bb
2584314,42918bb
f20aa63,42918bb
5ef73e1,0f64867
b91a3ef,c06887d
1433ab6,a4b6947
55ae5fa,a4b6947
6824a30,a4b6947
58ff246,a4b6947
354a549,a4b6947
6019db8,a4b6947
b455731,a4b6947
614af77,a4b6947
25ee60a,a4b6947
1c8478a,a4b6947
159baf5,a4b6947
7a01180,a4b6947
2833468,a4b6947
6eb43e5,a4b6947
1e3535b,a4b6947
ff522f0,c8d10e9
e44ce7e,c8d10e9
cd98824,2ee8ec9
e63526c,2ee8ec9
ebb8cce,2ee8ec9
a97aa29,2ee8ec9
5fceb19,2ee8ec9
ca41ab7,2ee8ec9
1b8731a,2ee8ec9
c33dde3,2ee8ec9
62c8d5b,2ee8ec9
255370b,2ee8ec9
78835ca,2ee8ec9
e4d14a8,2ee8ec9
5186758,2ee8ec9
2ad727b,2ee8ec9
8fd1c2e,2ee8ec9
abb7022,2ee8ec9
e4eaf05,2ee8ec9
89150ec,2ee8ec9
9a7bf72,2ee8ec9
7b3e75c,2ee8ec9
ca8a414,2ee8ec9
b05c947,2ee8ec9
2639de4,2ee8ec9
a3b54ad,2ee8ec9
fa1ca78,2ee8ec9
cfce659,2ee8ec9
15762fb,2ee8ec9
a4c0f38,2ee8ec9
14b013a,2ee8ec9
ff7dd20,2ee8ec9
1e12296,2ee8ec9
0c6f1df,2ee8ec9
fc66f8e,2ee8ec9
c00be05,2ee8ec9
e42e109,a4ded38
efa1f37,6ae40eb
2e0e6f1,13457ec
f2d5044,13457ec
c138142,13457ec
1433ab6,13457ec
4b5a7ab,b202063
9ac1348,15664b6
20f9a4d,91c6cfd
f5936f9,e49e9cb
e0d36d2,2ee5a88
9ac1348,74386f3
9f7adf3,090f772
f20aa63,d8ed271
5b7fcbc,d8ed271
da963f5,3e12f39
5b7fcbc,3e12f39
4347eac,d84343f
b1ecace,d84343f
ff522f0,d84343f
9ac1348,d84343f
dc0ee76,d84343f
7c633bc,d84343f
5b7fcbc,d84343f
0b9b430,7845d1d
018db95,6a75a56
9f36000,6a75a56
17fe60f,6a75a56
7e95e4f,e914a80
99aa4b7,e914a80
5aa5e2c,229de83
da963f5,21e5822
0e2e7cd,21e5822
f20aa63,21e5822
e5989bc,21e5822
449c977,21e5822
ea4cb0d,21e5822
4d28be1,21e5822
2c6d9a6,7ed468b
c899055,b1553ce
125dfcf,b1553ce
1328164,b1553ce
1947845,1e8096d
2c1d884,9fd0d22
2564697,9fd0d22
8302b59,9fd0d22
69baaad,9fd0d22
8a4d2a7,9fd0d22
e9b16ba,46d558e
935ec57,46d558e
1947845,d5552e8
935ec57,d5552e8
14d09f1,d5552e8
65b406b,d5552e8
bfd1564,7c10ac2
64bb875,7c10ac2
13091b1,7c10ac2
2e0e6f1,7c10ac2
287561f,7c10ac2
3767bab,7c10ac2
af40053,7c10ac2
2655e42,7c10ac2
acd8ead,7c10ac2
f80d82b,7c10ac2
d1aa32d,7c10ac2
d7ec71a,7c10ac2
b25dab5,7c10ac2
5b0f51d,7c10ac2
9c1c50d,7c10ac2
3e03f64,7c10ac2
189aea9,7c10ac2
22dbf83,55ece90
d5f3053,b595878
cf55808,717b9fb
272cac8,4a47a68
5186758,4a47a68
189aea9,4a47a68
9a7bf72,4a47a68
dedbd30,4a47a68
2ee5cad,35d25e3
db19670,35d25e3
4f64200,29d541c
f3993f0,29d541c
89150ec,48d54d3
279be78,baea452
5b7fcbc,05011b1
451bcbf,c15d173
bc8ba66,c15d173
5ef73e1,c15d173
49e0d7f,c15d173
c4d6557,7a7522e
47b4d81,5106672
2ee8ec9,5106672
7d76b7c,e916d37
70e3bc7,e916d37
635e25b,e916d37
2291471,e916d37
0491c2d,e916d37
8b880a6,e916d37
8c5b425,e916d37
36c3e04,e916d37
1a6140c,e916d37
223accc,e916d37
597e953,e916d37
08e42fb,e916d37
caacd90,420733b
2ffc41c,420733b
7e22532,420733b
3c6f5d4,28fb2a6
cb4c698,28fb2a6
1114e5e,28fb2a6
f7eb6c2,68de328
3a718a8,9b3cacd
84de216,9b3cacd
180aae2,9b3cacd
81d26ff,9b3cacd
018db95,9b3cacd
20b9b77,9b3cacd
a6ebb22,9b3cacd
a0bf196,9b3cacd
c310592,10168f7
5e576af,10168f7
63232f4,10168f7
cf934a8,10168f7
426eba0,10168f7
f6e8106,10168f7
9ac1348,10168f7
b3b956f,0d1fb62
b333744,0d1fb62
20e2cba,0d1fb62
08e42fb,0d1fb62
d1b9a81,0d1fb62
36c3e04,0d1fb62
08e42fb,cfa1532
06ba78e,026fe72
f80c3b9,026fe72
84de216,026fe72
ca67759,599e513
6f7e8f5,599e513
28378db,599e513
a4c0f38,599e513
cf55808,599e513
8302b59,599e513
865f077,599e513
cd98824,599e513
78835ca,599e513
55b1a2b,599e513
b5b9026,599e513
860d76b,599e513
407198c,599e513
3b65425,599e513
9ac1348,599e513
2d2d7ca,599e513
2dedeeb,599e513
04e32d4,599e513
1947845,599e513
9ac1348,af15a66
cde0c9b,af15a66
c899055,af15a66
36c3e04,af15a66
cf2ddd7,af15a66
63937f1,af15a66
d4f0c6c,f3d5050
2639de4,a321e2c
7b3e75c,a321e2c
e1f6f29,ee1afee
9ac1348,ee1afee
61b876b,ee1afee
f41109b,ee1afee
1b50bae,8f90f00
f2d5044,8f90f00
8302b59,8f90f00
da88ace,8f90f00
ce95cff,8f90f00
dd2f656,8f90f00
f6655ef,8f90f00
af3b987,3ea5414
004ad94,3ea5414
fbf7462,da8e5e0
3357236,da8e5e0
6f7e8f5,da8e5e0
32fdb23,da8e5e0
dd718ef,b44430b
89a29c4,b44430b
c99b757,d5d0130
7b1fa6c,d5d0130
b1ae4ea,d5d0130
2ade979,2d19c95
935ec57,a9ed4b9
e9086b9,7336ba0
7665b47,7336ba0
60ab22e,7336ba0
935ec57,302f7cc
65b406b,302f7cc
3357236,9ddc371
4296f33,2a04768
bc8ba66,2a04768
2162638,2a04768
d346c2c,2a04768
22a8225,2a04768
cf55808,ecb872f
6f58e59,ecb872f
e980a34,e67d84a
24eeaf5,cdb7c32
587d4db,cdb7c32
8302b59,cdb7c32
f84665e,cdb7c32
d346c2c,9dfd19a
d5ac6d7,c2324ec
1f753f1,c2324ec
8c6ef15,c2324ec
4f82f75,c2324ec
34c97ef,a14bf07
b333744,4451660
4b5a7ab,7e883eb
63593fd,e68602c
066df1d,e68602c
cf55808,e68602c
b97276c,e68602c
cee83ae,e68602c
5d852b6,e68602c
50bb155,e68602c
e42e109,e68602c
bd3c958,e68602c
4d28be1,e68602c
f29ee8d,e68602c
2ce3782,e68602c
c225307,e68602c
906e08e,c7af3c3
65b406b,14f263f
34c97ef,14f263f
935ec57,14f263f
935ec57,c22258c
b087017,001ee47
49acdeb,7d84a4e
4dd97a7,26346a8
d8e9746,26346a8
785d501,26346a8
d45ad90,26346a8
d173214,26346a8
0dfb1cd,26346a8
3a718a8,ca610d2
2139041,ca610d2
d74a166,ca610d2
0f1e2f3,ca610d2
7a409c9,ca610d2
1ebb17a,ca610d2
292f518,ca610d2
84de216,ca610d2
8394858,ca610d2
6d87d1d,ca610d2
431f3a7,0efff57
279be78,0efff57
6fa7891,0efff57
07c96ef,549450e
2e51e80,97636f1
56b595d,97636f1
d346c2c,a6d8764
d346c2c,b466b09
9006b14,acc02a9
efd75ab,acc02a9
08f7851,21abd19
049fddc,21abd19
27e292e,96cb942
bead42e,96cb942
36c3e04,6999660
b333744,6999660
6e83c0d,6999660
61de70c,6999660
2d19c95,38562de
9ac1348,ce27d19
2ee5cad,ce27d19
db323cc,ce27d19
f810ecc,ce27d19
8652856,ce27d19
cf934a8,ce27d19
891b3ea,ce27d19
1d0ef11,ce27d19
0ac02ec,42cebf7
425451c,702c8d6
d346c2c,ed34019
b3b956f,08f7094
0b10bf1,08f7094
42cebf7,d822664
e916d37,db86f1f
7481d70,db86f1f
223accc,db86f1f
2ade979,173ed21
c460654,f80025f
63937f1,6bad9fd
935ec57,6bad9fd
b42a88a,d3498f5
7083b73,bb41826
c99b757,ef03ac6
7ca9a51,f32ab21
a6a72d7,ec84da9
6138076,ec84da9
4e6285c,ec84da9
8cac18e,ec84da9
e68602c,cc4bec4
aede15f,4fa9d30
136c8a5,4fa9d30
b34bf5b,4fa9d30
ca610d2,604cd1b
4e6285c,c2f0822
c24d3dd,c2f0822
9ac1348,9e5b43f
df76ccf,9e5b43f
95dfddb,6105832
9ac1348,95f6234
f4f405a,95f6234
189aea9,5ad0a5a
c1885c9,474c9e1
c8941c4,e1e1b3b
3f51d6e,e1e1b3b
2ca0306,e1e1b3b
1741616,e1e1b3b
ff522f0,e1e1b3b
9aee2ae,e1e1b3b
c89092b,e1e1b3b
bad6e00,e1e1b3b
f9da7b7,e1e1b3b
935ec57,e1e1b3b
e2928f5,e1e1b3b
36c3e04,e1e1b3b
b30f8f7,e1e1b3b
69572ae,e1e1b3b
dd0d032,e1e1b3b
ec7e10a,e1e1b3b
ae30799,e1e1b3b
23ab028,e1e1b3b
f20aa63,e1e1b3b
1e3e03e,e1e1b3b
1fc2bba,3d8026b
531db39,3d8026b
79919f1,3d8026b
935ec57,9d9b3db
fa0afc2,4f1a38b
180aae2,4f1a38b
55b1a2b,4f1a38b
0b10bf1,f5ca725
407198c,dffdd07
9d63dc7,dffdd07
65e9c85,a6a8e2c
a37b504,a6a8e2c
4e6285c,a6a8e2c
df8243d,a6a8e2c
0a787fc,b7571b9
36c3e04,b7571b9
da963f5,a847d67
49acdeb,a0c4f59
b97276c,6d638af
6ce99eb,6d638af
451bcbf,6d638af
cf55808,702222b
a86780a,702222b
c1fbe56,702222b
19694f2,702222b
34c97ef,702222b
a6bc3cb,702222b
721fd98,86ea514
36c3e04,86ea514
cf55808,d9f77ce
ed670c5,98c302f
4f82f75,98c302f
472e565,98c302f
3be3a1e,98c302f
8c5b425,a0d1e4d
189aea9,a0d1e4d
c24d3dd,6aff7e4
78f879f,e49465a
78f879f,6ba2f9f
428b6de,68d499e
c687a79,68d499e
fc6eea3,68d499e
36c3e04,68d499e
f052e5a,68d499e
3c2b04e,68d499e
dbae28d,68d499e
7d76b7c,68d499e
ca8a414,68d499e
b333744,68d499e
b97276c,6e9e173
099f3b7,6e9e173
1ee1324,6e9e173
d346c2c,6e9e173
7d232d8,6e9e173
cf55808,6e9e173
1879dba,6e9e173
22b0436,4f1204b
e17677f,6e3aaa9
56eeb0d,ebd50ed
bba452c,ebd50ed
dfcb0e7,ebd50ed
e40ab33,ebd50ed
9ea6c1c,ebd50ed
407198c,ebd50ed
d977dd3,ebd50ed
2c66f15,ebd50ed
9ac1348,ebd50ed
6be03bd,ebd50ed
6e887a1,69432fd
81d45c5,69432fd
cba810d,69432fd
5dfaeb9,69432fd
4d7741c,ed278cc
6b02f61,ed278cc
775866c,ed278cc
c5c354f,ed278cc
6026aec,ed278cc
2655e42,ed278cc
b007c09,ed278cc
9bb02b1,ed278cc
4d28be1,ed278cc
6cdbb1a,ed278cc
449c977,ed278cc
f20aa63,ed278cc
efab41d,13048b4
8f0117f,13048b4
f20aa63,32a2d28
27eea04,2ea92b1
1198f6c,2ea92b1
e567d15,2ea92b1
cb4b054,2ea92b1
5ad0a5a,38ae7a1
189aea9,38ae7a1
d8829e9,1768e05
52a1967,1768e05
012600f,4823a9c
fba41fa,4823a9c
52a1967,4823a9c
4f0db1f,4823a9c
9ac1348,5699d1d
efab41d,a5f7dd5
017d858,910f477
a562b19,910f477
58a98dc,a2e0140
abd2d4a,978ac11
b184212,ed65884
158c09a,d77cca8
7221ffa,d77cca8
020541c,d77cca8
94d768a,d77cca8
0c8b088,d77cca8
27d9183,d77cca8
2d86522,d77cca8
a5055fc,d77cca8
2508b48,d77cca8
96922c4,d77cca8
ff0ab4c,d77cca8
9ac1348,8ae73f8
26dcef5,37d2086
6e887a1,37d2086
0a06c7d,37d2086
2220290,37d2086
1198f6c,37d2086
338ac03,37d2086
9c0821b,22eaf42
4e6285c,22eaf42
c65f51c,ce58346
baed23c,ce58346
d346c2c,8e65e93
2e77b74,8e65e93
8fd539f,f1eeb66
1198f6c,f1eeb66
dc2dcbe,f1eeb66
338ac03,f1eeb66
c1885c9,f1eeb66
6e887a1,f1eeb66
0a06c7d,f1eeb66
4b4d852,f1eeb66
b96bb6b,f1eeb66
78ad67a,f1eeb66
5154eb8,f1eeb66
64d9428,f1eeb66
923a2c2,f1eeb66
58a98dc,2602e4a
fc5ce45,2602e4a
db6fccb,2602e4a
2220290,5ab6159
633a5c2,5ab6159
189e9d2,5ab6159
1929533,982d7ab
9311cad,982d7ab
be077f4,982d7ab
7d606f1,210a074
058fc32,ef22151
d2c683f,ef22151
658acce,76519e7
a4f5753,27b88e4
f38e729,27b88e4
fa1ca78,df9cae7
6be03bd,df9cae7
936e220,9917493
9ac1348,2f367ad
9e59d6f,2f367ad
0638fd8,2f367ad
80a8bf3,1f032ea
d3318f1,1f032ea
6e887a1,1f032ea
3ed4d51,1f032ea
30452b5,1f032ea
3f464d1,1f032ea
81d45c5,1f032ea
42e16b7,1f032ea
be077f4,1f032ea
69432fd,1f032ea
26dcef5,1f032ea
f1eeb66,1f032ea
89cecfd,1f032ea
8fd539f,1f032ea
49dccde,1f032ea
126c085,1f032ea
fb9591d,1f032ea
37d2086,1f032ea
9a7f425,1f032ea
b77bec1,1f032ea
11c693d,1f032ea
f09c883,1f032ea
474c9e1,1f032ea
5f81184,1f032ea
8d09564,1f032ea
4b4d852,1f032ea
cda5bf6,1f032ea
80053f1,1f032ea
88b6b01,1f032ea
62cb20a,1f032ea
2d84f11,25d1fa3
388e311,25d1fa3
2f4a936,25d1fa3
90ea1cf,25d1fa3
422f7ba,25d1fa3
28378db,25d1fa3
b5b9026,25d1fa3
92f4d10,25d1fa3
15494ac,25d1fa3
b121900,25d1fa3
3e80bcd,25d1fa3
47ce67b,25d1fa3
850ac68,25d1fa3
ff21554,25d1fa3
2639de4,25d1fa3
4261296,25d1fa3
1011d86,25d1fa3
031c9e2,25d1fa3
301598d,25d1fa3
3aebf26,25d1fa3
cd98824,25d1fa3
6f7e8f5,25d1fa3
e4eaf05,25d1fa3
fa1ca78,25d1fa3
ed971f5,25d1fa3
0c6f1df,25d1fa3
16eb8c2,25d1fa3
6f37291,25d1fa3
ec35a7b,25d1fa3
bb9ba25,25d1fa3
9e5b572,25d1fa3
63defe5,25d1fa3
dcc6560,25d1fa3
6a3932f,25d1fa3
f864cfe,25d1fa3
1b4808d,25d1fa3
62972b4,25d1fa3
056a3f8,25d1fa3
0a72a55,25d1fa3
4208e1c,25d1fa3
2ee8ec9,25d1fa3
292223c,25d1fa3
9826d8f,25d1fa3
84ecb22,25d1fa3
d80aff5,25d1fa3
52a1967,25d1fa3
0b0d75f,25d1fa3
ca4237f,25d1fa3
9138931,25d1fa3
7b3e75c,25d1fa3
c6f7fa4,25d1fa3
b6af501,25d1fa3
0718a09,25d1fa3
1dc6936,25d1fa3
2b75da3,25d1fa3
3447562,25d1fa3
ae7e729,25d1fa3
336fb61,bd7fd98
b20e6f1,bd7fd98
a948756,bd7fd98
35eb027,bd7fd98
f9df13e,bd7fd98
cd98824,bd7fd98
efa1f37,bd7fd98
1011d86,bd7fd98
0ab7be4,bd7fd98
bb0f8ca,bd7fd98
4e6285c,bd7fd98
1929533,4bed176
3a718a8,88602f1
1866ce2,88602f1
8302b59,88602f1
25adbff,88602f1
292223c,88602f1
d2c683f,b119e23
403fb43,b119e23
35eb027,b119e23
3ac4cc4,b119e23
8373061,b119e23
c0dada9,b119e23
d346c2c,b119e23
9e5b572,22a5266
8ee0bb2,22a5266
587d4db,22a5266
2d5a6da,c7d3790
d346c2c,dc3e6da
e5599c1,dc3e6da
6c8ef67,dc3e6da
eb5ab34,dc3e6da
a7876c1,dc3e6da
8530b26,dc3e6da
ff5a356,dc3e6da
e93bd19,430b83e
b184212,430b83e
b9d7ad7,b17d654
e93bd19,b17d654
0a97371,b17d654
fce7435,b17d654
b551616,b17d654
4f64200,b17d654
5816e99,b17d654
079270e,b17d654
cbc941e,b17d654
ed670c5,71df562
8302b59,71df562
630699e,71df562
0ab7be4,71df562
95d9cc7,71df562
81d45c5,1293d61
cf55808,849ff07
49aed41,849ff07
4280831,849ff07
7130bde,849ff07
6637bd0,849ff07
65319e2,849ff07
4f64200,849ff07
56eeb0d,849ff07
fc4fe3d,849ff07
c8941c4,849ff07
87daee2,318dc7a
2d86522,318dc7a
1947845,b356ad5
13326c8,03eaffc
8494c2a,781a316
65aae67,781a316
f1eeb66,781a316
65aae67,bacbc8f
45bebf5,5ff4d2b
a6a72d7,e412829
0a316c5,e412829
0d28e2d,3186482
2115760,bf2676a
0ad7661,bf2676a
af3b987,bf2676a
5427d02,bf2676a
9f81dd4,bf2676a
4fd5202,30c6e1b
252e1f6,0c0defc
c78d06f,0c0defc
b537acf,17dbbeb
4e6285c,17dbbeb
61c94ae,e76fc24
25d1fa3,c8a5553
1dc6936,c8a5553
0d1fb62,c8a5553
6be03bd,c8a5553
b333744,c8a5553
665e9b3,c8a5553
6880e7c,0e98699
acec171,0e98699
1947845,0e98699
47046a6,0e98699
3084fea,0e98699
a28f68a,0e98699
1ce7a1f,0e98699
a6a72d7,690ea71
a6a72d7,e76a948
b069e9c,906c0a5
936e220,906c0a5
9f5f472,b28df76
7cb4792,b28df76
5d60f39,b28df76
43fcdc0,b28df76
2ee5cad,84a6b1c
ceb805f,84a6b1c
db323cc,84a6b1c
9ac1348,84a6b1c
fbd6328,84a6b1c
e5efbed,f5de938
e886d63,f5de938
674f80e,f5de938
f0d5693,b9b66ae
c899055,b9b66ae
af15a66,b9b66ae
0d06370,538214a
0a316c5,942dede
fa0cfd6,fa50c2a
f5936f9,fa50c2a
c09d218,fa50c2a
a753f5c,fa50c2a
2843d77,fa50c2a
b650cac,fa50c2a
90c1a16,fa50c2a
e6036c7,fa50c2a
bba452c,e273dc4
224933c,e273dc4
7221ffa,e273dc4
9a7bf72,bd45480
2d86522,bd45480
cef1c8d,466f8b2
b4da9bd,2be99ad
636d637,2be99ad
6880e7c,2be99ad
b356ad5,2be99ad
cba810d,1a57495
6e887a1,1a57495
d346c2c,1a57495
aa21212,1a57495
bd7fd98,1a57495
475242a,2f29401
78f879f,17b139b
9ac1348,17b139b
1030a6d,564c4e1
9ac1348,b5c809d
9ac1348,22b0436
2ee5cad,24730aa
2ee5cad,ce70ef5
2ee5cad,72fe0a1
2ee5cad,cfa7fde
9ac1348,c76d467
0c6a976,c76d467
28e35ce,75b94b9
ceb805f,75b94b9
184f9f8,75b94b9
9ac1348,bb658de
f4f405a,bb658de
9ac1348,890b0af
9ac1348,be1476d
6bab957,e880c0a
db323cc,e880c0a
b5b1869,0377b3c
e6eb7fc,0377b3c
3246649,0377b3c
6133775,0377b3c
f454d1e,0377b3c
9ac1348,0377b3c
fdac717,f09b995
9ac1348,6d750f3
00b6c5f,6d750f3
9ac1348,dd4b63a
78f879f,1a0b82a
2ede9b1,1a0b82a
9ac1348,762b97d
7d5444e,81987ae
c6b9a50,81987ae
5adee35,81987ae
e6eb7fc,81987ae
f8d3496,81987ae
8924aca,81987ae
d06ae5d,81987ae
f454d1e,81987ae
73c65a5,81987ae
b9223a4,81987ae
3246649,81987ae
5770b17,81987ae
9ac1348,81987ae
b5b1869,81987ae
46572c9,81987ae
6133775,81987ae
0377b3c,81987ae
28e35ce,e162cd7
9ac1348,f8c0c65
473e6f6,76579f4
db323cc,76579f4
ceb805f,5803742
9ac1348,b6edac7
6f7e2fd,b6edac7
6133775,b6edac7
78f879f,d9196736
9ac1348,fd9786e
2ee5cad,57e110b
9ac1348,57e110b
db323cc,a99474e
28e35ce,71d3c1d
9ac1348,095b82c
9ac1348,cdcfe2b
2ee5cad,662a2a8
2ffc41c,662a2a8
38ec3aa,4cee9f8
0f7098b,4cee9f8
1225328,4cee9f8
6d255dd,4cee9f8
03052cd,4cee9f8
652944a,4cee9f8
e3ef1bd,4cee9f8
5f94048,4cee9f8
457af80,4cee9f8
db323cc,4cee9f8
852c065,4cee9f8
72bd38a,4cee9f8
9ac1348,4cee9f8
2c1d884,ccb822c
db323cc,34d3914
30ba0c3,c035132
db323cc,a7ab502
9a90da7,a7ab502
e2038ab,a7ab502
85692b5,3ec2414
9ac1348,3ec2414
84a6b1c,3ec2414
f41109b,3ec2414
f3fc5a4,3ec2414
7859cdc,c1ecf09
1030a6d,c1ecf09
2ffc41c,c1ecf09
72bd38a,c1ecf09
9ac1348,b59d20e
9ac1348,bc3e4d2
db323cc,bc3e4d2
2523f99,be02e52
9ac1348,be02e52
1030a6d,be02e52
b38503f,be02e52
a75dff5,be02e52
abc4208,be02e52
9aee2ae,be02e52
2ffc41c,be02e52
72bd38a,be02e52
03f205a,be02e52
25f9280,be02e52
431f3a7,be02e52
269bffe,be02e52
b3ec584,be02e52
