MNG-5314,1cf318c
MNG-5312,e778ea6
MNG-5313,94fde61
MNG-1658,c5d3edf
MNG-5096,4be9521
MNG-1499,9584088
MNG-874,e9f55ae
MNG-0479,e81caca
MNG-4651,1248bd1
MNG-1033,0b4d79d
MNG-5793,9f50eab
MNG-5796,f27c348
MNG-5797,da98af9
MNG-5795,56e6db1
MNG-500,e90ba20
MNG-579,fd615cb
MNG-639,6a5e897
MNG-5550,b99658c
MNG-5003,a7d9b68^f5b642c
MNG-5552,f35698c^0f1fcd7
MNG-5553,93d07bd^b610e6d^2ec7fd0
MNG-5006,3279b97
MNG-1394,ad2dd60
MNG-5557,7c3052d
MNG-1011,52e8a21
MNG-5559,60437a2
MNG-3921,04b3586
MNG-5009,304450a
MNG-3927,a64d505
MNG-3925,f07fdb2
MNG-4536,c18b887
MNG-291,ce968a2
MNG-5779,57a6196
MNG-5891,7f0e1b7
MNG-5677,693f8f6
MNG-5676,1a05ae3
MNG-2603,edde7a1
MNG-2276,8daea5f
MNG-2277,32a9c73
MNG-1577,82146b8^eb9054a^2e523cb^17a7a72
MNG-1349,6a3afa1
MNG-2829,053216f
MNG-5387,1d4d1df
MNG-2174,778f044^6c6513c
MNG-5389,8f3eca3^b05dd06
MNG-2820,fae3cb9
MNG-2988,d20f6c9
MNG-2178,37b11eb
MNG-2827,37692fb
MNG-614,19ebd62
MNG-508,6da771a
MNG-619,a6b1274
MNG-2408,b92af0e
MNG-229,4dae786^6aa2084
MNG-598,826413b^e78bef0
MNG-5258,ecb64a6
MNG-225,85cc412
MNG-5707,9ce1f17
MNG-592,1e1efff
MNG-5700,d413c51
MNG-5702,4d33358^3b671d0^3a6f633^cb91332^6f0318e
MNG-3621,60c1b6f
MNG-3622,179ce1a
MNG-916,826f3e2
MNG-914,7134d66^552ab6d
MNG-915,36fbe93^30adf31
MNG-2098,ed18f8b
MNG-918,d807f16
MNG-4106,81bd2d7^1f1ef56
MNG-2330,9d1ee49
MNG-2302,75c7380
MNG-4107,e2b3bac
MNG-2712,06090da
MNG-2309,c2296be^1c35174^7d4a6c3
MNG-2919,5da9d28
MNG-1979,a1b2df1
MNG-2871,cfa367d^f9d5fb4
MNG-761,294199b
MNG-3654,cf01846
MNG-3656,d960c39^916d026^668818f
MNG-3651,6faeb46
MNG-3719,e6fa6d2
MNG-3653,556254c
MNG-1122,f685d86
MNG-2784,5401fb4
MNG-2780,72f6f6d
MNG-4773,4b04709
MNG-4772,f022e66
MNG-4771,54be625
MNG-2088,fe2d997
MNG-4800,1939ae5
MNG-4775,bfaf110
MNG-5418,2f97f96
MNG-4779,1cbef71
MNG-967,14a8e1f
MNG-3027,d25dd87
MNG-2006,602899a^bdf651f^f3a9e38^6fb187f
MNG-2398,5380116
MNG-4379,afb40dc
MNG-5877,4ba3b75^5cbc294
MNG-4274,67a2275
MNG-4275,ae33045
MNG-4273,49e73d3
MNG-2961,0697960
MNG-1443,790f8f8
MNG-4500,c0448b2
MNG-4116,136bac4
MNG-1022,b1c59f6
MNG-1751,4d45299
MNG-1007,fe929c8
MNG-4509,1520e0f
MNG-4973,586709a
MNG-4055,fb40b8e
MNG-4975,7403318
MNG-4053,dc43d54
MNG-4050,fac6e8c
MNG-467,748de75
MNG-4874,d838106
MNG-4877,3a53a3c
MNG-3443,2af6eb0
MNG-541,b44ec86^0713fa1
MNG-469,7299bd7^60750de^1a63032
MNG-5456,9736737
MNG-3885,247efed
MNG-3886,8fdaaf6^2d5cb58
MNG-3887,7555ab3^1c2b979
MNG-818,d8875a4
MNG-5459,c225847
MNG-5000,a8ce74d
MNG-5513,97732f7^c61c387^4a7b25c
MNG-1055,01e24b5
MNG-4574,f2aa8ed
MNG-3965,15f1057^01e6023
MNG-1056,c66610a
MNG-4571,fe9a21c
MNG-4570,dd34e52
MNG-3961,fe6d32b
MNG-3960,e46b526
MNG-4474,269c956
MNG-4475,705edc5
MNG-4470,f957961
MNG-4472,f918716
MNG-5224,d8000fa^ffbdb44
MNG-5225,76ad234
MNG-2503,dce22c7
MNG-478,e21120a
MNG-2136,bd6aa12
MNG-5005,4be6fd8
MNG-1233,31f1751^3ea056c
MNG-2341,27598fe
MNG-790,ffb317c
MNG-1335,777d747
MNG-2861,21d8a41
MNG-2860,605227a
MNG-1620,ab24e28
MNG-1333,f97f560
MNG-4592,9e67819^68ebd39
MNG-4590,5aaed19
MNG-260,ccfdf7a
MNG-261,b4cfe56
MNG-4987,8be9db1
MNG-4982,3279b97
MNG-1249,0df347f
MNG-2221,cc859f5
MNG-3819,c501175
MNG-4695,bb39b48
MNG-4696,9be1144
MNG-3813,4378d40
MNG-5053,44f6511
MNG-5359,a4d6cf2^029af3a^cc006b5^61a9255^b6781c1^e844051^02795b2^d5ba185^901b1e8
MNG-496,d7e421f
MNG-835,c9b6d83
MNG-3814,2f8d398
MNG-5648,5c78a8d
MNG-2619,f136fa7
MNG-406,32303a7
MNG-5670,e3000a0^5307750^8980f67^f848bc2
MNG-817,ddfcc65
MNG-816,9f8c7e3
MNG-815,159b48c
MNG-2347,78aa1f1
MNG-5645,af1ecd5
MNG-811,66869b1
MNG-5647,cdb8ad6
MNG-2591,8bc5170^fc83f1f^ff898bf^8ec3ac8
MNG-2222,bd1f3b5
MNG-5901,c8a200a^89058b3
MNG-4415,4d5a89d
MNG-5907,2ec2725^316298e
MNG-477,524a460
MNG-1529,b9c5816
MNG-5958,5cf2b13
MNG-2228,3d073bd^a6ddaac^5a2439e^6a36ae3
MNG-2186,32d8679
MNG-1245,724e4f3
MNG-2184,0fc4704^34c3906
MNG-4413,02cbed3
MNG-2813,6cb7919
MNG-4410,2362f58
MNG-722,a133047^6db6fb8
MNG-2819,17817cc
MNG-729,932caa3
MNG-1041,cc96c2b^4ff4c02
MNG-5638,fddade2
MNG-316,06ebded
MNG-861,ed0b352
MNG-3973,4247360^8cd715b
MNG-3106,d40d830^07a035b^8801b00
MNG-3260,481eefc
MNG-885,da33baf
MNG-929,83d67e6
MNG-4418,e45fa79
MNG-3266,42b849d
MNG-720,570bc62
MNG-5837,d980040
MNG-5836,3533599
MNG-4231,899e376
MNG-560,f6cc2c6
MNG-772,d6bd62e
MNG-4238,0b8b83f
MNG-4239,433d4bf
MNG-1803,6e7b422
MNG-1045,a922450
MNG-3585,0a9a933
MNG-2925,4e41fbe
MNG-2926,cab99da
MNG-3586,cfbcba2
MNG-2921,82146b8
MNG-2923,eb9054a
MNG-3664,d486ebb
MNG-2880,67c7ec5
MNG-3947,8e33ad0
MNG-1415,d201131
MNG-5213,41a292d
MNG-4788,ee07bb3
MNG-4789,1939ae5
MNG-4427,c980cfb
MNG-4426,61ba877
MNG-4933,469d009
MNG-4396,07776ae
MNG-4834,759db78
MNG-4836,f87fea9
MNG-4837,3fca2bb
MNG-4786,08404c7
MNG-4832,87d3ffa
MNG-4785,90ac084
MNG-3400,53e9189^17d401d^0ca8675
MNG-3401,76b76af
MNG-6043,ecdb0bc
MNG-6041,c786ff3
MNG-3567,adfb3dd
MNG-1372,cbc5833
MNG-424,4b1c539
MNG-1586,6abcb69
MNG-3846,3dd7dce^ca9d6e9^81048a8^0d28d17
MNG-5747,328a777
MNG-4321,84803c5
MNG-5962,a035d90
MNG-4304,00ed1a0
MNG-4305,b725e30
MNG-4738,5a0e691
MNG-2560,e7594ad
MNG-5064,9ec45b7
MNG-4326,8aba4e9
MNG-3997,496d8ff
MNG-4166,09ade28
MNG-1703,b68c84b
MNG-869,035c54d
MNG-4648,83389c3
MNG-4941,c400294
MNG-515,c3665ae
MNG-3141,959ce3f
MNG-510,70a13f3
MNG-3310,110adf2
MNG-4495,109f5da
MNG-3811,d2c1d1e
MNG-3316,db4820c
MNG-692,ad94756^7a69f15
MNG-5787,dfed29c
MNG-5783,b7088a3
MNG-781,6829625^ca3882c
MNG-5014,5550ac6
MNG-5016,4c61954
MNG-3853,5888994
MNG-3919,cb077dc
MNG-4544,3586158
MNG-4013,650b677
MNG-4010,93ec09c
MNG-5019,b6ee02c
MNG-4542,97d25dc^f2c08ee^0bfae6d
MNG-4543,cc05cc6
MNG-5605,3c63c3b
MNG-5762,d745f8c
MNG-285,912898c
MNG-282,71cb5dc
MNG-5766,cd52e5b
MNG-1562,bf2a316
MNG-2146,a6983a5
MNG-2994,238f8c0
MNG-2145,ebf314c^5e8a0a0
MNG-3998,2d5cb58
MNG-1363,9ceeebc
MNG-789,1b81c99
MNG-602,e1c8ffb
MNG-3940,7f8675a
MNG-473,b813c3d
MNG-608,0f9196a^13c5bc0
MNG-5261,003853a
MNG-3680,a5dfd7f
MNG-3843,83440b7^2cb49a8
MNG-2083,b07d835^1710fdc^bd540e3
MNG-4269,f770dc8
MNG-2729,cb381ff
MNG-3637,d06897e
MNG-2084,17302c0
MNG-2720,2ce2f9b
MNG-5113,f8ca95e
MNG-767,24a108a
MNG-1849,6db368d
MNG-2314,3e8d1f9
MNG-5280,31285e3
MNG-2648,dddd69d
MNG-0731,f53cbd5
MNG-2318,034562a^21bf5be^116105e
MNG-226,8b01ca1^24e9ecf
MNG-493,bea9eca
MNG-4180,3eb4ffb
MNG-593,8c3bbcc
MNG-677,c5d1b37
MNG-851,459737f
MNG-674,3c53a13
MNG-373,967fa87
MNG-5164,b0b0994
MNG-3705,c6fb60b^d4d7f47
MNG-2793,6649cb1
MNG-773,f437fb5
MNG-5163,8c24208
MNG-5162,0dca478
MNG-3039,b79759f
MNG-4747,46de558
MNG-4349,22ef9f5
MNG-4291,16b9331
MNG-4740,2e71421
MNG-913,b94672b
MNG-838,24ebd82^b926e6f
MNG-3037,0c1b689
MNG-3131,56cd921^f6f4ef5
MNG-3133,aa0b4f4
MNG-3134,b1517c1
MNG-3686,425e98d^bdbac2f
MNG-2037,5395710
MNG-3682,4eb9671
MNG-3529,bbcd44e
MNG-4342,3aa97fe
MNG-4343,5097fd5^68ebd39
MNG-4341,b614de4
MNG-4344,73d7e4f
MNG-4345,c249a98^53b7d5e^ceba686^39c25ce
MNG-4348,2c2c13a
MNG-5845,dfed29c
MNG-5842,dfed29c
MNG-5840,bd87258^40d5087^25f5143^1953284
MNG-4266,08bb408
MNG-1032,0b4d79d
MNG-490,c8ad95e
MNG-3845,39d13c6^abc85c6
MNG-4041,1c0a588^12fbba7^09f970f^2ec6f40^67297ad
MNG-4512,8cb0425
MNG-4511,103a67c
MNG-4328,eb83c67
MNG-4027,c303c49
MNG-1424,9a0b254^5f190db
MNG-4518,f5ebc72
MNG-4900,8d53cd4
MNG-5898,b9cc9c3^72e2478^20854ce^4497e2b^f3a3ef2
MNG-3354,1611fcf
MNG-3355,1d9d014^05e92de^b8fb4e3
MNG-558,cbf5196
MNG-410,a98961e
MNG-4867,267d537
MNG-4866,41fd344
MNG-4864,5ab998f
MNG-3803,a3461e7
MNG-5509,c9950d7
MNG-4197,026328b
MNG-4196,2a9cd6f
MNG-3899,49508f6
MNG-3898,48d853a^64619fe
MNG-5503,11f46bd
MNG-4191,ea7d108^93f90df^34580df
MNG-5500,b83de53
MNG-1470,02902d5
MNG-4469,7dec732
MNG-1108,70ab341
MNG-1107,e4a3f7d
MNG-4466,6de5f3f
MNG-4465,ba0fef4
MNG-4463,2abeaf0^f467d91
MNG-1804,73ba730
MNG-4461,7a5ccb3
MNG-5727,ce6f0bf
MNG-2103,997c311
MNG-565,4a0a96f
MNG-5336,143354e^731fa82
MNG-4040,920e6b7
MNG-1630,5b427cf
MNG-4632,dbc214d
MNG-4892,a77e4c2
MNG-1323,bf8d692^2017c78^bd76a19
MNG-1088,37f2a94
MNG-1320,6f562d4
MNG-297,f86ee59
MNG-4996,9d8fb63
MNG-258,664a916
MNG-4991,150984b^089a9f8
MNG-4990,ed12e0a
MNG-527,6f81043
MNG-4262,0cefc46
MNG-522,e4083dc
MNG-687,8695255
MNG-2425,0a0d6e6
MNG-4682,a9fcd5d
MNG-4129,efb5987
MNG-2420,5d99b35
MNG-4684,80903fa
MNG-480,1a89a7b
MNG-3827,2881df1^04a020e
MNG-482,2c80da6
MNG-4895,0fb027e
MNG-5349,1a4c003
MNG-486,b76388e
MNG-5023,5e4393c
MNG-5155,a70bfbd^6262c73^83c92dc
MNG-5157,e49d091^a1d64e7^870a3b3
MNG-5153,decce3a
MNG-2605,27d2e3c
MNG-805,3b56df0
MNG-800,dac96a1
MNG-5655,9633737
MNG-3930,922ace5
MNG-1884,625012b
MNG-5935,184f58f
MNG-1205,1bdeecc
MNG-4600,699fc5b
MNG-5131,84f7f7b
MNG-1559,6dcceea
MNG-449,e6dcc36^f685d86
MNG-731,4e6c969
MNG-737,4f377df
MNG-2809,a0e3d00
MNG-739,ef2ef62
MNG-2692,51c6fef
MNG-444,fddbcce
MNG-2690,1a0b546^d24d704
MNG-1995,9a4e614
MNG-3863,252065d^d12af86
MNG-633,c757e62
MNG-5233,4b2c791
MNG-599,5125817
MNG-769,a98961e
MNG-326,85b30cf
MNG-2078,908d662
MNG-814,37d3fd3
MNG-825,cf8820b
MNG-1898,bf4764c^36093a1^73ba730^2576202^89e6008
MNG-4393,d74d8f4
MNG-3272,d206986
MNG-1207,b874063
MNG-931,950b052
MNG-985,03b6c44
MNG-1153,a94bbcf
MNG-2281,81f9a09^f0fcef7
MNG-4227,553fce0
MNG-2282,65b412e
MNG-3924,ea3c221
MNG-1412,3488401^85ad173
MNG-1251,1be6423
MNG-3365,a16c3bf
MNG-2935,4005482
MNG-2934,9cb7e9a
MNG-3679,2881df1
MNG-3677,556254c
MNG-4009,247efed
MNG-4429,4093717
MNG-3904,cf3b5d2
MNG-4416,defd0cc
MNG-3391,78f361e
MNG-3392,a20f8ff
MNG-4781,1cbef71
MNG-4798,2c073d0
MNG-4829,ca16d93
MNG-4411,2362f58
MNG-4795,0ce5541
MNG-4794,2c073d0
MNG-766,252b151
MNG-4791,da8d45d
MNG-4793,a7c10dc
MNG-3001,811de4e
MNG-1232,d848ba2
MNG-3831,07fb543^fd68f59
MNG-6079,814b516
MNG-4007,ea2773c
MNG-6070,6d9ffe3
MNG-820,afdc3bd^d955fbe
MNG-4318,a3eba70
MNG-3995,2f8742a
MNG-4199,05a782b
MNG-3991,2169c4a^3badf71
MNG-1073,575f0e8
MNG-4313,0fa8f7d
MNG-4312,5c848ce
MNG-4314,9298fbb
MNG-4317,61e9292
MNG-321,666c60d
MNG-3484,8ff17e2
MNG-3482,3f75133
MNG-546,82afba6
MNG-4078,35c1ff3
MNG-1677,aa91b39
MNG-4172,49698c0
MNG-5075,2eb419e
MNG-4070,ff1c73a^162a102^268a80c
MNG-4072,23a6dad
MNG-4952,acd646e
MNG-561,1404266^9985c8f
MNG-4482,9be3468
MNG-567,53fd3dd
MNG-4956,ddf3bce
MNG-4955,12649ae
MNG-564,81afd82
MNG-4489,d3534c9
MNG-4488,ed4f6d1
MNG-680,8948d49^1398c7c
MNG-4190,6049647
MNG-420,54d740b^33ee96c
MNG-684,013d403
MNG-4776,6b82e83
MNG-3099,e38fa6f
MNG-2254,353cd5b^eecea08^797e071
MNG-5479,a7cb159
MNG-5477,f34b4fb^ed1501e^4db66fd
MNG-3092,5ffd890
MNG-446,3db9b6c
MNG-447,075932b
MNG-3864,2e4285f^1c2b979
MNG-5572,f6bb98f
MNG-4008,4267580^3e6bc31
MNG-5570,43d67de
MNG-3906,b954b83^d186d99
MNG-4555,ceef529
MNG-4554,1df9413
MNG-4553,57ff75e
MNG-4000,1c2b979^46ca604
MNG-4003,eb08946
MNG-5971,024a705^508e16e^24e7921^8c3a2b7^df7e29b^d8b66ae^ded1379^814b516^a6d5237^4532720^4ae1673^eaa4cdf^2e6fe1b^4bdb16c^8b751f6^b30be5d^354765d^f08e955^af2c42c^059b9ab^2313861
MNG-5613,bef7fac
MNG-5612,c175789
MNG-5206,e6ef3dd^50b6e3b
MNG-5208,75ea1e4
MNG-5209,87884c7^ed651a4
MNG-1159,fd40072
MNG-2835,fb7988c^98dea7e^24b3c86
MNG-2848,e75b388
MNG-2847,d4c28b8
MNG-1355,8e85652
MNG-207,829e205^2628261
MNG-204,e616a7b
MNG-5686,fbd6e53^44d06d8
MNG-5687,3d2d861
MNG-5681,8a51f9e
MNG-711,2823fe4
MNG-4678,8dc242a
MNG-4679,40028e7
MNG-797,6cf731b
MNG-167,3760f87
MNG-4677,bdecdcf
MNG-2413,a2f2d99
MNG-2147,f930fac
MNG-2739,e26974d
MNG-2733,23e2504
MNG-1509,4e955c0^fa34c36
MNG-1856,faa5cf2
MNG-5297,a839e55
MNG-5721,d1dc638
MNG-1697,4028c67
MNG-3732,29df2bf
MNG-666,da3aa10
MNG-844,575f0e8
MNG-847,285d97d
MNG-584,cd2f815^4001df5
MNG-4283,7de1280
MNG-4281,480dd49
MNG-4280,a0f1eb3
MNG-3046,219afd5
MNG-3043,ce6a726^f9d5fb4
MNG-4068,dc20a5c
MNG-3124,b3cd20f
MNG-3281,b98795e
MNG-3286,b1f048a
MNG-2745,c416a33
MNG-2746,bf7d7a0
MNG-4355,8edb01d
MNG-4350,77d2fb2
MNG-4353,d8951da
MNG-4214,262ff79
MNG-5858,1a8413b
MNG-4217,e7ef007^1819ca8
MNG-4359,2dc6a53
MNG-1827,2bdcc4f
MNG-1109,1d42338
MNG-2943,1bd449b^53acf28^cc5f2f9^d050220^6d69087^46e5b38
MNG-4526,d0d3f58
MNG-4035,7597699
MNG-4524,2b1d264
MNG-366,9d31796^5a0904e
MNG-4522,3b35b62
MNG-891,eb89e52
MNG-4919,f288907
MNG-4918,691a03a
MNG-4915,1c3abfb
MNG-4913,4a83a69
MNG-4528,e1f58d5^862e887
MNG-4529,03a383e
MNG-1417,ffb7f27
MNG-191,e5ab919
MNG-4850,2aab703
MNG-4643,8de97b6
MNG-209,08df9d1
MNG-4858,1036f38
MNG-900,2ebee0b
MNG-3944,4cc361f
MNG-5538,6aa015d^5ca3ca5
MNG-3193,87b6876^9c9bcde
MNG-3943,ea3c221^647a011
MNG-4320,a20eb4d
MNG-4453,0c20759
MNG-4450,8b21cd1
MNG-4454,1068ab5
MNG-4327,6da9bf5
MNG-4751,122d519
MNG-4750,e96c8da
MNG-4459,1d14aab
MNG-4755,19dec1e
MNG-2790,d9e845e
MNG-1318,aaaf653
MNG-4625,1f9e91d
MNG-5324,316bd0a
MNG-4629,a3bcfe7
MNG-1311,2e89dad
MNG-1317,16f876c
MNG-1666,0e50153
MNG-1094,24a5bf4^581b2ce
MNG-1177,c5d3edf
MNG-243,fcb7a1c
MNG-4208,a51aba1
MNG-530,ed7ccf7^504e281
MNG-247,5de7973
MNG-4036,fda7685
MNG-533,17e3c74
MNG-3938,72c4417^f3c978e^6befed2
MNG-255,70a5109
MNG-3833,85cf2d0
MNG-5403,19492b4
MNG-3836,67c9345
MNG-3839,1f60601^be34e91
MNG-3838,cb1d291
MNG-3933,da66dd9
MNG-3937,52d13db^036d593
MNG-5882,cf2f373
MNG-2363,e3463be
MNG-5886,186008e
MNG-2364,d7a1ba6
MNG-1021,5ebaf14^79cad82^53ccb4f
MNG-1891,5d50cea
MNG-833,82ac502
MNG-832,e6dcc36
MNG-1895,6354dad^a472469^24db0eb^806eaeb
MNG-5663,61c3740
MNG-5149,0721322
MNG-836,1129522^6f72bd5
MNG-3265,c36b127
MNG-695,08da2ff
MNG-5398,df162a5^dbef526
MNG-2167,df349e8
MNG-5396,1062524
MNG-5395,fee1640
MNG-5390,d5e5717
MNG-1261,0dd7447
MNG-488,9d6ba0d
MNG-3955,5872cd6
MNG-489,81fe76f
MNG-1797,5d99b35
MNG-628,9f5fbe1
MNG-629,8858d8f^e88e09c
MNG-2687,f2f8628
MNG-582,64a704b
MNG-585,cd2f815^4001df5
MNG-693,c945c27
MNG-588,cbb5657
MNG-2985,c8f8fef
MNG-5716,2252862^2d0ec94
MNG-63,ea5bbda
MNG-2068,d0fd157
MNG-4052,299a4c0
MNG-2061,f785811
MNG-908,7009b9e
MNG-3796,06f0e84
MNG-3797,378ee24
MNG-3240,b63e25a
MNG-5815,176cc12
MNG-5816,193778e
MNG-5813,f104ef8
MNG-5812,ad905af
MNG-483,fe5a91b^9a30858^7d4f342
MNG-1943,adfb3dd
MNG-3822,8d845ea^3a61ccd
MNG-3769,95632ce
MNG-755,570bc62
MNG-3641,c17c956
MNG-3821,f39ec41^b6d3fe1^379f614^01f81a5^3ce9917
MNG-4761,8cdb461^b2fd85f
MNG-4762,d7e4dc0
MNG-4811,a0b4f11
MNG-4765,2225bc7
MNG-4814,fefa169
MNG-4767,05d9ee3
MNG-4818,9e99fe5
MNG-709,4935728^fcc893a
MNG-3012,962b2e2^dc2f469^2f49e47
MNG-5658,69448a7
MNG-3545,e4602cb^57568aa
MNG-3983,fcce49f
MNG-3018,acdfa7e
MNG-3985,b77af2e
MNG-3984,04833ce
MNG-5868,dc7b414^5f04823^020e358^536350f
MNG-3642,3d6b63b
MNG-4087,334c95d
MNG-4034,fd1d985^90e6b3e
MNG-3856,bea79ff^e524732
MNG-1157,097005a
MNG-4360,6b2adee
MNG-4361,5d459b0
MNG-4363,08406e1
MNG-3372,268d08b
MNG-4717,85ef559
MNG-757,5d0298a^2f2db94
MNG-4246,fd2ee03
MNG-4245,4363bde
MNG-4840,40fb188
MNG-3497,49a0e76
MNG-4718,d3965e9
MNG-823,30d2a16
MNG-5595,fe1cfee
MNG-5596,c37a20f
MNG-4842,789ee67
MNG-5590,3c7744a
MNG-5591,ac8e59a
MNG-4102,0f8624c^4b3dcfa^f4d71c3
MNG-4966,e45d82e
MNG-3916,ea3c221^9002e05
MNG-2130,d69fe06^1c23ee1
MNG-4963,18e7366
MNG-4960,7de8eaa
MNG-4884,a3f0ad5
MNG-1244,a957126^ea8e16f
MNG-4883,6af651b
MNG-479,28813de^b82151f^b42c7d3^5bebfb8
MNG-5568,14e4885
MNG-3649,cc5827f
MNG-520,ad7daa5^89d5337
MNG-5444,9b58a3c
MNG-5445,5795404
MNG-3877,778f044
MNG-5567,c023e58
MNG-476,29439c7
MNG-3974,6034e26^d8b2bb7^9c7e082
MNG-4408,21fff93
MNG-4561,fd5683b^862e887
MNG-4564,b8f5443
MNG-4565,c652993^425c663
MNG-4401,8d38204
MNG-4400,fce4db9
MNG-1048,71625bb
MNG-1049,79cad82
MNG-3978,e3bde47
MNG-3979,68d8ce9^8e3adc6
MNG-3194,dc6e7c8
MNG-4618,37a0e64
MNG-5212,712c4ff^c53d95c
MNG-5742,1420d61^6ab41ee
MNG-5745,71976ec
MNG-1999,ad38e46
MNG-5963,314b174
MNG-5214,52beaf6^04d269f^acb711f^a15a264^4b637c5^2b4e9a9
MNG-2124,5ec1f2d^e352f2c^32d8679^fc77014
MNG-5748,c239f6e
MNG-2539,5b97ecf
MNG-4615,a9a19a7
MNG-1341,fc58444
MNG-1343,a604ac3
MNG-3380,3a52d33^ae33045
MNG-787,fba77cb
MNG-786,90aa85b^47d9a60^b975bda
MNG-1246,221ddfc
MNG-4580,c5e7758
MNG-2878,84f0cda
MNG-2244,68e38e5^2095f80^4fc35ba
MNG-1927,f52a730^c3c8fdb^32d8679^425a841
MNG-4586,d946c8c
MNG-664,3288b82
MNG-2936,a7bd6cc
MNG-372,2662216^8e6a8fa^3be583e^0a78424
MNG-5696,e31c84c
MNG-5695,b80fb7d
MNG-1057,76f82ee
MNG-374,e0b2aea
MNG-2877,7d17a9c
MNG-5368,f2a8a45
MNG-4666,0a6b3d8
MNG-1291,d8d5807
MNG-3807,777bae3
MNG-2339,1d9d014^05e92de^99ba1e7
MNG-397,c7d5e83
MNG-3757,385888d
MNG-5137,5c79de6
MNG-5135,e877a03
MNG-5609,a084de9
MNG-2234,97e9f53
MNG-1008,e41222a
MNG-487,385b7c9
MNG-3988,62e2d40
MNG-1110,245d512
MNG-936,20116db
MNG-1908,ad045aa^83c9ead^cc50730^d846d0d^d004074^bc048ca^013435e
MNG-651,2ddf785
MNG-5629,792a9b8^7cd7bd8
MNG-1112,5304aec
MNG-309,a02dd8e
MNG-5623,45ab718
MNG-5620,661b4cf
MNG-5624,15aef63^3729324
MNG-717,4ccb906
MNG-1052,6632dfe^805a595
MNG-6029,12a1eb2
MNG-2054,5bdc77b^1c23ee1
MNG-895,41c129e^66dddfc^598cd29
MNG-2051,967c253
MNG-2052,e352f2c
MNG-2753,c416a33^bd608ed
MNG-3296,1611fcf
MNG-950,cb259a7
MNG-951,31a4d8e
MNG-754,c29e4db
MNG-432,9863732
MNG-5823,c188a19^ab7b5ab
MNG-5981,ee8a93c
MNG-4203,be6ec88
MNG-3498,82787b4
MNG-4201,c6eb6bd
MNG-5984,425289c^5a4d548^c940b84^62374f5
MNG-2931,d742221
MNG-3616,912a565
MNG-4430,bd2ec16
MNG-4923,79f5492
MNG-4433,27ff5d5
MNG-4022,95022eb
MNG-4436,2049ab9
MNG-4925,51a0476
MNG-4386,5c660d3
MNG-4387,5c660d3
MNG-4385,2cf9745
MNG-4845,a54c02e
MNG-4383,0f3d4d2
MNG-3470,d425e27
MNG-3473,5691b96
MNG-2087,33e508a
MNG-3477,14094c2
MNG-3410,b19a751
MNG-6053,3d11173^5307750^f848bc2
MNG-3574,ca2bb6a
MNG-6057,dca6a2c
MNG-5527,de817fd^d3761d4
MNG-1900,c9a0078
MNG-86,c894f62
MNG-357,7d7c4ed
MNG-5528,61dbaab
MNG-4332,26f1a5b
MNG-1127,2bbd090
MNG-4729,bca95f0
MNG-4335,08cc074
MNG-4334,102f4ab^3c34aa8
MNG-4338,318fe25
