inducing_commit,fixing_commit
158ab5e,fe929c8
34e1670,52e8a21
a75e7d2,52e8a21
215c30b,52e8a21
097c8f7,52e8a21
9a30858,53ccb4f
659a1f4,53ccb4f
96dfb0b,5ebaf14
68595a3,5ebaf14
34b0e98,5ebaf14
ac2d8a7,5ebaf14
7545511,5ebaf14
20e6d21,5ebaf14
70f2351,79cad82
b0c3a2f,79cad82
22adefd,79cad82
8fc3e7a,79cad82
107a2de,79cad82
1398c7c,79cad82
231c6a7,79cad82
d978e51,79cad82
ffb317c,79cad82
14bb2c8,b1c59f6
e26f756,b1c59f6
a44b6f9,b1c59f6
b10ed41,0b4d79d
25fb7c6,0b4d79d
7eda955,0b4d79d
24a108a,0b4d79d
fd615cb,cc96c2b
9a30858,cc96c2b
5d82fcb,cc96c2b
4fcc1e1,4ff4c02
9c060b1,4ff4c02
eec84bb,4ff4c02
85b30cf,a922450
cebbdaf,a922450
86c55a3,71625bb
3c461ef,71625bb
26d36d8,71625bb
d5e54a5,71625bb
3f2f0d5,71625bb
f84a2ce,71625bb
fe929c8,71625bb
158ab5e,71625bb
19d96b6,805a595
91dfd62,805a595
49e98f5,805a595
a9f174c,805a595
e12a025,805a595
14b9e9f,805a595
36d0a85,c66610a
dfbae27,c66610a
91dfd62,76f82ee
6e6c12a,76f82ee
932caa3,76f82ee
6f81043,76f82ee
ed7ccf7,76f82ee
d2e1f3c,76f82ee
3f3d079,76f82ee
30d2a16,76f82ee
fcc893a,575f0e8
bd839db,575f0e8
e88e09c,575f0e8
2b8143e,575f0e8
81fe76f,575f0e8
6610512,575f0e8
543189e,575f0e8
34e1670,575f0e8
8dec282,575f0e8
b69490b,575f0e8
0b4d79d,575f0e8
a593e7d,575f0e8
cebbdaf,37f2a94
3a4efa1,37f2a94
601320d,24a5bf4
ba94b20,24a5bf4
e6dcc36,70ab341
a96c8a7,70ab341
a4343cf,70ab341
f8ba3a4,70ab341
79cad82,70ab341
b072910,70ab341
9c060b1,70ab341
086463b,1d42338
07facba,1d42338
8f3c207,1d42338
e9f55ae,1d42338
ba94b20,1d42338
3251b41,245d512
24a108a,245d512
63aab27,245d512
b813c3d,245d512
6f81043,245d512
86ef6a7,245d512
1fe8c76,245d512
8858d8f,245d512
826413b,245d512
cda19f2,245d512
a593e7d,245d512
4fe1c64,245d512
289aa0f,245d512
15a7eb7,245d512
5812bef,245d512
22748d4,245d512
fa97352,245d512
231c6a7,245d512
c0e768c,245d512
5b29c8a,245d512
c3d0ba0,245d512
53ccb4f,245d512
b69490b,245d512
d17b250,245d512
2b8143e,245d512
e78bef0,245d512
575f0e8,245d512
a9f174c,245d512
804e18c,245d512
36f1e02,245d512
d955fbe,245d512
f3932e4,245d512
26d36d8,245d512
777cbc9,245d512
9c060b1,245d512
c7d5e83,245d512
3f2f0d5,245d512
733866d,245d512
590e952,245d512
b31db60,245d512
190b1f0,245d512
fe3df1b,245d512
334b952,245d512
5d46a03,245d512
0b4d79d,245d512
7eda955,245d512
2628261,245d512
d64970a,245d512
abd4ae6,245d512
6cd2e31,245d512
38269cc,245d512
e9115a5,245d512
c8ad95e,245d512
f8205e7,245d512
c66610a,245d512
22adefd,245d512
79cad82,245d512
cebbdaf,245d512
853028d,245d512
4e9bd7a,245d512
27cdfc3,245d512
00e365d,245d512
c334dfa,245d512
8fc3e7a,245d512
75ff0f8,245d512
37007c1,245d512
f437fb5,5304aec
b813c3d,f685d86
e6dcc36,f685d86
73e549b,f685d86
84a58b9,f685d86
a4343cf,f685d86
cb257db,f685d86
a96c8a7,f685d86
139efa3,f685d86
3f47c60,f685d86
826f3e2,f685d86
70f2351,f685d86
67d58c8,f685d86
27cdfc3,f685d86
d466205,f685d86
094a5a4,f685d86
fe5a91b,f685d86
f8ba3a4,f685d86
31ac06f,f685d86
297f542,f685d86
a75e7d2,f685d86
da3aa10,f685d86
26d36d8,f685d86
826413b,f685d86
231c6a7,f685d86
601320d,f685d86
810d4a3,f685d86
701ef52,f685d86
f6c2684,f685d86
36d0a85,f685d86
c3d0ba0,f685d86
8b6052b,f685d86
24a108a,f685d86
309f26b,f685d86
78be407,f685d86
a8cb7de,f685d86
1a63032,f685d86
91dfd62,f685d86
d64970a,f685d86
804e18c,f685d86
6f72bd5,f685d86
4fe1c64,f685d86
1936ab2,f685d86
ba35fd5,f685d86
1129522,f685d86
5ec721c,f685d86
ebc406a,f685d86
f32e88a,f685d86
086463b,f685d86
4c45989,f685d86
5404045,2bbd090
a6891c4,2bbd090
0f706f5,2bbd090
f3932e4,1bdeecc
5de6418,d848ba2
9d6fad7,31f1751
ac2d8a7,31f1751
289aa0f,31f1751
245d512,31f1751
c7d5e83,31f1751
777cbc9,31f1751
f3932e4,31f1751
da63e5c,724e4f3
6d4537d,724e4f3
9a86709,724e4f3
ec7316a,0df347f
245d512,1be6423
53ccb4f,1be6423
289aa0f,1be6423
0506b79,d8d5807
2adbbad,2e89dad
932caa3,2e89dad
81fe76f,2e89dad
11df168,2e89dad
5de6418,2e89dad
4935728,2e89dad
fcc893a,2e89dad
3a601de,6f562d4
750d4f8,6f562d4
04e0220,6f562d4
41be861,bf8d692
63aab27,bf8d692
24a108a,2017c78
41be861,2017c78
91dfd62,2017c78
63aab27,2017c78
edbc07c,777d747
1398c7c,8e85652
245d512,9ceeebc
9c060b1,9ceeebc
d955fbe,9ceeebc
245d512,cbc5833
f437fb5,3488401
601320d,d201131
68417de,ffb7f27
805a595,9a0b254
5de6418,790f8f8
d2e1f3c,9584088
6ca4de2,9584088
def783e,4e955c0
def783e,fa34c36
6503a19,bf2a316
677a0dd,17a7a72
f685d86,17a7a72
10a8e05,17a7a72
68417de,17a7a72
733866d,17a7a72
c3d0ba0,17a7a72
8dec282,17a7a72
289aa0f,17a7a72
eedd050,5b427cf
69fda56,0e50153
360ae40,3760f87
780b693,3760f87
7f4dc2f,3760f87
c471946,3760f87
a922450,4028c67
772bf37,4028c67
cebbdaf,4028c67
239439b,b68c84b
9584088,b68c84b
27f12f8,5d99b35
d6d65fc,5d99b35
d8c9056,73ba730
c7d5e83,73ba730
5de6418,73ba730
e244bc5,73ba730
3bee4a5,73ba730
086463b,faa5cf2
3e43906,faa5cf2
581b2ce,faa5cf2
24a5bf4,faa5cf2
b342ded,faa5cf2
f437fb5,faa5cf2
ba94b20,faa5cf2
e20bb9a,faa5cf2
9584088,5d50cea
6ca4de2,5d50cea
fda1ed9,5d50cea
159b48c,5d50cea
f437fb5,5d50cea
3408c16,5d50cea
d955fbe,6354dad
68417de,6354dad
26d36d8,6354dad
71625bb,6354dad
5637c28,6354dad
d5e54a5,6354dad
19ebd62,a472469
3bee4a5,a472469
eedd050,a472469
f3932e4,a472469
ea5bbda,a472469
71625bb,a472469
3f2f0d5,a472469
43c132f,a472469
f3932e4,806eaeb
c7d5e83,806eaeb
289aa0f,806eaeb
e983fdd,73ba730
db17a24,73ba730
fa97352,ad045aa
7f73662,ad045aa
231c6a7,ad045aa
231c6a7,83c9ead
7f73662,83c9ead
d0be8d9,83c9ead
7f6f445,83c9ead
ddb34ee,83c9ead
15a7eb7,83c9ead
3aea101,83c9ead
6214929,83c9ead
7363dbc,83c9ead
26d36d8,83c9ead
5b29c8a,83c9ead
fda77af,83c9ead
1c7c34f,83c9ead
4097d7a,83c9ead
eab4282,83c9ead
a75e7d2,83c9ead
3f0f786,83c9ead
a6891c4,cc50730
ee15019,cc50730
6f562d4,cc50730
99ed67e,cc50730
8f3c207,d846d0d
231c6a7,d846d0d
15a7eb7,bc048ca
7f6f445,bc048ca
ddb34ee,bc048ca
d0be8d9,bc048ca
6214929,bc048ca
3f0f786,bc048ca
26d36d8,bc048ca
5b29c8a,bc048ca
231c6a7,bc048ca
fda77af,bc048ca
1c7c34f,bc048ca
4097d7a,bc048ca
eab4282,bc048ca
a75e7d2,bc048ca
3aea101,bc048ca
eab4282,013435e
ddb34ee,013435e
15a7eb7,013435e
7f6f445,013435e
d0be8d9,013435e
6214929,013435e
3f0f786,013435e
26d36d8,013435e
5b29c8a,013435e
231c6a7,013435e
fda77af,013435e
1c7c34f,013435e
4097d7a,013435e
7363dbc,013435e
a75e7d2,013435e
3aea101,013435e
6f562d4,013435e
11e305e,e5ab919
2513cb2,e5ab919
601320d,e5ab919
780b693,e5ab919
00a55be,e5ab919
a501f4c,f52a730
84d1a85,32d8679
1398c7c,32d8679
31ac06f,32d8679
9dfc1f9,32d8679
a321da3,425a841
65acc94,425a841
da33baf,425a841
4465e49,425a841
c022a88,425a841
1b81c99,425a841
003b6f0,a1b2df1
434ec90,ad38e46
b3702b2,ad38e46
74c8188,ad38e46
16036aa,602899a
b3702b2,602899a
6d4537d,602899a
f437fb5,602899a
434ec90,602899a
754feea,602899a
b3702b2,f3a9e38
601320d,e616a7b
1398c7c,1c23ee1
b31db60,829e205
4d1ca8d,829e205
360ae40,829e205
4f82255,829e205
601320d,829e205
c50fff6,2628261
4d1ca8d,2628261
7f6f445,2628261
15a7eb7,2628261
8fc3e7a,b07d835
245d512,1710fdc
7f73662,1710fdc
cbc5833,1710fdc
deed9e4,1710fdc
76d49b7,33e508a
bc77a5b,33e508a
c471946,33e508a
640ee60,33e508a
adf0b52,33e508a
0ff8c16,33e508a
ed14ff4,33e508a
50759a4,08df9d1
a44b6f9,08df9d1
d5d05a5,08df9d1
236dc52,08df9d1
0e249dd,08df9d1
49e98f5,08df9d1
e6d8aeb,08df9d1
7b1ca71,08df9d1
fae1470,08df9d1
9d2c2d6,08df9d1
5f424a5,08df9d1
602899a,32d8679
f52a730,32d8679
1636a47,32d8679
f52a730,fc77014
425a841,fc77014
8948d49,d69fe06
601320d,d69fe06
d466205,d69fe06
1398c7c,d69fe06
5bdc77b,1c23ee1
fe5a91b,bd6aa12
c9b6d83,bd6aa12
425a841,bd6aa12
1b81c99,bd6aa12
f437fb5,5e8a0a0
26d36d8,5e8a0a0
31e79ea,5e8a0a0
b813c3d,a6983a5
6b09a51,a6983a5
dfbae27,f930fac
43e6402,32d8679
d69fe06,32d8679
fc77014,32d8679
bc9f623,3d073bd
c435539,3d073bd
26d36d8,3d073bd
ee15019,3d073bd
a75e7d2,3d073bd
15a7eb7,3d073bd
8b01ca1,3d073bd
24a108a,3d073bd
0017177,5a2439e
69aadf7,5a2439e
73ba730,5a2439e
601320d,5a2439e
d8c9056,5a2439e
69aadf7,6a36ae3
59310c5,68e38e5
9800271,85cc412
52de04e,85cc412
c471946,85cc412
14bb2c8,85cc412
9d2c2d6,85cc412
d179db8,85cc412
601320d,85cc412
a44b6f9,85cc412
6c6b249,eecea08
7f6f445,eecea08
336fa85,eecea08
1fe8c76,eecea08
da3aa10,eecea08
b8b8e02,eecea08
a75e7d2,eecea08
4d1ca8d,eecea08
d377256,eecea08
80b1b94,eecea08
81cc079,eecea08
5b7cea2,eecea08
4aa157e,eecea08
9d7e54c,eecea08
a321da3,eecea08
601320d,8b01ca1
2464320,32a9c73
3bee4a5,32a9c73
6cd2e31,32a9c73
7170bdb,75c7380
88b5c0e,75c7380
c903684,75c7380
a58b76e,75c7380
2c80da6,75c7380
07dda3c,75c7380
c5898ee,75c7380
9a86709,75c7380
f810fd2,75c7380
cedf9e0,75c7380
6fb187f,75c7380
89d5337,75c7380
fe5a91b,c2296be
65acc94,1d9d014
1b81c99,1d9d014
8201bb9,1d9d014
95189e1,1d9d014
4f82255,1d9d014
a75e7d2,1d9d014
425a841,1d9d014
70ab341,1d9d014
780b693,1d9d014
fc77014,99ba1e7
425a841,99ba1e7
4f82255,99ba1e7
32d8679,99ba1e7
ea8e24b,99ba1e7
a75e7d2,99ba1e7
fe5a91b,d7a1ba6
8a63068,d7a1ba6
659a1f4,d7a1ba6
95189e1,d7a1ba6
6c6b249,d7a1ba6
c9b6d83,d7a1ba6
a58b76e,d7a1ba6
11df168,d7a1ba6
94e4400,d7a1ba6
94e4400,a2f2d99
d7a1ba6,5d99b35
063474e,5d99b35
3d42cb8,0a0d6e6
670e9b2,0a0d6e6
590e952,fcb7a1c
ee951b1,fcb7a1c
6aa2084,5b97ecf
ba288ce,70a5109
eabafcc,70a5109
16c46a6,e7594ad
c7c6b5d,e7594ad
f1f1832,e7594ad
94e4400,e7594ad
36f39fc,e7594ad
cc859f5,8ec3ac8
5d50cea,8ec3ac8
a58b76e,27d2e3c
7f6f445,b4cfe56
ee15019,b4cfe56
5b29c8a,b4cfe56
0712f84,f136fa7
e313416,1a0b546
f925bdc,1a0b546
b92af0e,06090da
285d97d,06090da
6f562d4,06090da
11df168,cb381ff
e7e70cb,23e2504
425a841,c416a33
43e6402,bf7d7a0
31ac06f,bf7d7a0
425a841,bd608ed
5395710,5401fb4
47d9a60,5401fb4
5d50cea,5401fb4
f437fb5,5401fb4
159b48c,5401fb4
3408c16,5401fb4
146e022,6649cb1
f437fb5,6cb7919
ad35b45,17817cc
27f12f8,fae3cb9
65acc94,fae3cb9
abd4ae6,fae3cb9
231c6a7,fae3cb9
04e0220,fae3cb9
ab27ae6,fae3cb9
6a5e897,fae3cb9
0b4d79d,37692fb
7ff412a,053216f
b828915,d4c28b8
6c6b249,d4c28b8
f6c2684,912898c
5ddfd67,912898c
b69490b,605227a
a4343cf,605227a
4b1038d,605227a
dfc4a10,605227a
11df168,605227a
cd1c9e7,605227a
780b693,605227a
7ac27ec,605227a
754feea,605227a
245d512,67c7ec5
1710fdc,67c7ec5
1f97932,67c7ec5
5de6418,67c7ec5
deed9e4,67c7ec5
ee15019,ce968a2
7d17a9c,82146b8
e0457b0,cab99da
6a5e897,cab99da
c991b41,cab99da
17a7a72,d742221
806eaeb,d742221
17a7a72,9cb7e9a
badcd22,9cb7e9a
24ebd82,1bd449b
56f566e,1bd449b
b926e6f,1bd449b
b828915,1bd449b
94e4400,1bd449b
439ba11,1bd449b
54ee18c,1bd449b
c7738df,53acf28
94e4400,53acf28
2d5711c,53acf28
3dcf943,53acf28
94e4400,cc5f2f9
3dcf943,cc5f2f9
24ebd82,cc5f2f9
d47f6c7,d050220
dfbae27,d050220
c66610a,d050220
acabb9d,d050220
b10ed41,d050220
086463b,0697960
4a094fd,0697960
e46a983,0697960
9c060b1,0697960
acdef90,0697960
16ea34c,0697960
b6d0cf1,0697960
3f0f786,f86ee59
601320d,f86ee59
20620b4,f86ee59
15a7eb7,c8f8fef
badcd22,c8f8fef
289aa0f,d20f6c9
9c060b1,d20f6c9
19ebd62,d20f6c9
4fcc1e1,d20f6c9
a48cfef,dc2f469
45748e1,dc2f469
27cdfc3,dc2f469
6f81043,dc2f469
6270682,dc2f469
dec70bc,dc2f469
44c006f,dc2f469
1a63032,dc2f469
11a113d,dc2f469
26de9f7,dc2f469
3c53a13,dc2f469
34bf67e,dc2f469
db22507,dc2f469
780b693,dc2f469
1311273,dc2f469
369eb05,dc2f469
44ae99f,dc2f469
139efa3,dc2f469
10febbb,d25dd87
34bf67e,d25dd87
49e98f5,d25dd87
ac5f471,d25dd87
e58f209,d25dd87
c98ee0a,0c1b689
e2e634d,0c1b689
5a2439e,0c1b689
2faffb2,0c1b689
17a7a72,0c1b689
bcb9122,219afd5
80880d0,a02dd8e
5b5a124,a02dd8e
dc92832,a02dd8e
a436d8a,a02dd8e
2eed725,a02dd8e
5653c7e,a02dd8e
26ec2d7,a02dd8e
1b4723f,a02dd8e
89423d2,a02dd8e
0b06278,a02dd8e
bd6aa12,d40d830
fe5a91b,d40d830
ad35b45,07a035b
55dc9e4,b1517c1
f2f8628,959ce3f
ae1501b,dc6e7c8
2a24171,dc6e7c8
ed5868e,dc6e7c8
139efa3,dc6e7c8
ba992be,dc6e7c8
884f700,dc6e7c8
215c30b,dc6e7c8
182220d,d206986
f4207fe,d206986
d2e1f3c,b1f048a
975e949,b1f048a
103a85a,1d9d014
f55eb07,1d9d014
afe12e4,1d9d014
c7738df,1d9d014
5fc3d35,1d9d014
d72b8bc,1d9d014
e6a6476,1d9d014
2ba9bbf,1d9d014
c5a74a8,1d9d014
b310a40,1d9d014
0d0f739,1d9d014
e75b388,1d9d014
60baf80,1d9d014
fe8c407,1d9d014
42807d7,1d9d014
441b096,1d9d014
3e3b0fd,1d9d014
ea31f3e,1d9d014
ca069de,1d9d014
99ba1e7,1d9d014
5ec1f2d,1d9d014
ef22e43,1d9d014
0a36e61,1d9d014
ed5868e,1d9d014
dc6e7c8,1d9d014
febce07,1d9d014
32d8679,b8fb4e3
94e4400,b8fb4e3
febce07,268d08b
a4343cf,268d08b
0497cc2,268d08b
0d0f739,268d08b
34bf67e,268d08b
aa59559,3a52d33
c7d5e83,3a52d33
fe8c407,17d401d
f785811,17d401d
8c3bbcc,17d401d
2ec256b,17d401d
47da41f,17d401d
a44b6f9,17d401d
826413b,17d401d
5f424a5,17d401d
8ace38f,17d401d
294199b,17d401d
da47c49,17d401d
f6c2684,17d401d
c13e8c7,17d401d
9b92bf8,17d401d
60750de,17d401d
139efa3,17d401d
6cd2e31,17d401d
7170bdb,17d401d
fdfb9d5,17d401d
f810fd2,17d401d
601320d,17d401d
cedf9e0,17d401d
6fb187f,17d401d
75c7380,17d401d
17a7a72,17d401d
89d5337,17d401d
5fc3d35,17d401d
c1f56fc,b19a751
863d1fc,5691b96
40326ee,3f75133
2ec256b,3f75133
25a654b,3f75133
c538113,3f75133
5fc3d35,3f75133
95189e1,3f75133
f52a730,82787b4
601320d,82787b4
bd6aa12,e4602cb
ca169d0,e4602cb
1d9d014,adfb3dd
2513cb2,7d7c4ed
3a1e4f0,7d7c4ed
bc738a2,7d7c4ed
a44b6f9,7d7c4ed
fe8c407,ca2bb6a
b19a751,cfbcba2
2ec256b,cfbcba2
19cfe73,cfbcba2
b115972,cfbcba2
ba96246,cfbcba2
fa20517,912a565
a0297f1,d06897e
ed5868e,d06897e
2425f94,d06897e
0d0f739,d06897e
b97533f,d06897e
0d0f739,cc5827f
a698b7e,cc5827f
d72b8bc,cc5827f
44ae99f,cc5827f
b61fba1,cc5827f
8ce69da,cc5827f
cc1ca10,cc5827f
f2d7a5a,cc5827f
aa4344b,cc5827f
14ff330,cc5827f
6c6b249,cc5827f
df12fca,cc5827f
87b3775,cc5827f
3979ed4,cc5827f
6801153,cc5827f
d4c28b8,cc5827f
a96f5bd,cc5827f
7136b01,cc5827f
3bd3bb5,cc5827f
cd2602d,cc5827f
ac8ff20,cc5827f
2a24171,cc5827f
268d08b,556254c
f838337,556254c
a4343cf,556254c
1901992,556254c
d8ceac3,556254c
2b13518,556254c
fbb4833,556254c
a36b220,556254c
b9995df,556254c
5159c0b,556254c
05b8b80,556254c
19b26ee,556254c
80a6818,556254c
0d0f739,556254c
febce07,556254c
5c32bc6,cf01846
f437fb5,cf01846
e6d8aeb,9d31796
fae1470,9d31796
a8cb7de,9d31796
c289cf4,9d31796
601320d,9d31796
0cae920,5a0904e
0f6db45,5a0904e
3502cae,5a0904e
a1f9950,d486ebb
c48e137,556254c
ebf314c,e6fa6d2
d17b250,967fa87
c7738df,29df2bf
ca169d0,29df2bf
6b96692,378ee24
ba96246,4378d40
5c32bc6,4378d40
32a9c73,4378d40
c1cea8c,2f8d398
4028c67,2f8d398
772bf37,2f8d398
360954e,07fb543
38b9c5c,07fb543
1249c89,07fb543
8de236d,07fb543
6b96692,1f60601
c8b842c,83440b7
6b96692,83440b7
1249c89,0d28d17
38b9c5c,0d28d17
c8b842c,0d28d17
7dc42ed,0d28d17
824e2ee,0d28d17
3929bd0,5888994
3412160,d12af86
c8b842c,778f044
dae9c8f,247efed
6b96692,247efed
1f9bf0c,247efed
3caaba5,247efed
c8b842c,247efed
5ae9e19,2d5cb58
dae9c8f,2d5cb58
dae9c8f,1c2b979
dae9c8f,9002e05
08947e7,cb077dc
2b808a1,ea3c221
730b56b,ea3c221
854a44a,ea3c221
306d70f,ea3c221
33962fb,036d593
dae9c8f,036d593
281f1c8,036d593
c8b842c,036d593
d242ddf,036d593
1f9bf0c,036d593
15da8b5,036d593
ea43792,036d593
d78042d,036d593
443d497,036d593
4d84546,036d593
5400908,036d593
4d84546,f3c978e
3ce9917,ea3c221
61a5d19,647a011
dae9c8f,647a011
34bf67e,8e33ad0
dfc4a10,fe6d32b
7f6f445,c7d5e83
c98b557,c7d5e83
15a7eb7,c7d5e83
27f12f8,c7d5e83
ba74921,c7d5e83
d378110,c7d5e83
887d534,4247360
d242ddf,4247360
1f9bf0c,8cd715b
aba2b12,6034e26
aba2b12,9c7e082
05162de,e3bde47
dae9c8f,68d8ce9
c4782c4,8e3adc6
6b040ab,62e2d40
036d593,2d5cb58
2560c1e,1c2b979
036d593,1c2b979
dae9c8f,3e6bc31
ff3548a,247efed
0638d3d,247efed
2dc15dd,247efed
2b808a1,247efed
5400908,93ec09c
dae9c8f,93ec09c
e24f756,93ec09c
10da177,650b677
01e6c8d,650b677
56986ca,650b677
247efed,c303c49
d112433,c303c49
dae9c8f,fd1d985
247efed,fd1d985
778f044,fd1d985
e3bde47,fd1d985
036d593,fd1d985
c303c49,90e6b3e
cc6b280,7597699
9863957,7597699
10a192d,7597699
ea43792,fda7685
112e69a,fda7685
dae9c8f,920e6b7
aba2b12,12fbba7
56986ca,09f970f
6f81043,09f970f
fe8c407,09f970f
08947e7,09f970f
8d32719,09f970f
1a63032,09f970f
8858d8f,09f970f
985b29d,09f970f
17d68db,09f970f
780b693,09f970f
ac8ff20,09f970f
bf8d692,09f970f
0d0f739,09f970f
556254c,09f970f
3bd3bb5,09f970f
f4de864,09f970f
a4343cf,09f970f
58c23ba,09f970f
1901992,09f970f
89b760d,09f970f
d8ceac3,09f970f
6b96692,299a4c0
1d9d014,299a4c0
f2f8628,299a4c0
04ad401,299a4c0
91d2e5a,299a4c0
959ce3f,299a4c0
e6a6476,299a4c0
83d67e6,299a4c0
256d3cf,299a4c0
49299ed,299a4c0
e5ab919,299a4c0
d9ac5ea,299a4c0
605227a,299a4c0
b4f380d,299a4c0
936b875,299a4c0
febce07,299a4c0
f670992,dc43d54
a8cd789,dc43d54
e186806,32303a7
112e69a,23a6dad
fda7685,23a6dad
205d7a6,23a6dad
e186806,a98961e
3deea46,0f8624c
cf12c1a,0f8624c
cf12c1a,f4d71c3
d1c0d51,f4d71c3
cf12c1a,81bd2d7
cf12c1a,1f1ef56
76f692c,1f1ef56
7c53710,1f1ef56
b216d61,1f1ef56
cf12c1a,e2b3bac
1f96876,e2b3bac
76f692c,e2b3bac
f4d71c3,e2b3bac
613253d,e2b3bac
74b67a8,e2b3bac
f52da7a,e2b3bac
8fd147f,e2b3bac
3292b4b,e2b3bac
7040079,e2b3bac
0f8624c,e2b3bac
bdf651f,136bac4
334c95d,136bac4
69aadf7,09ade28
6c6b249,49698c0
47971a1,49698c0
beedf0c,49698c0
ecb1bfe,49698c0
0bf25e6,3eb4ffb
e8a45c2,3eb4ffb
c7461bf,3eb4ffb
0e5b8e2,3eb4ffb
ab43fff,3eb4ffb
da77681,6049647
c063424,6049647
b4df2f1,6049647
5d7758b,6049647
ae675f8,34580df
09f970f,93f90df
bc257a5,93f90df
97f0026,93f90df
ab43fff,93f90df
e0298b7,ea7d108
97f0026,ea7d108
26a35db,ea7d108
2ec256b,ea7d108
5d7758b,ea7d108
b19a751,2a9cd6f
bc257a5,2a9cd6f
76e9387,2a9cd6f
2a515cd,2a9cd6f
6b96692,2a9cd6f
fac6b97,2a9cd6f
04475b6,2a9cd6f
ae675f8,026328b
e4205f1,026328b
27f12f8,026328b
8c9c576,026328b
2637a1e,026328b
3398024,026328b
3189436,026328b
ab43fff,026328b
aba2b12,026328b
7cede8d,05a782b
ab43fff,05a782b
1e2b77c,05a782b
b8c6c01,05a782b
cc6b280,05a782b
864ea15,05a782b
5b76c2c,05a782b
bc257a5,05a782b
1fa49f1,c6eb6bd
3eb4ffb,be6ec88
0968ba7,a51aba1
26a35db,262ff79
b273dab,262ff79
ea5445a,1819ca8
aba2b12,899e376
3398024,899e376
b8c6c01,899e376
ea5445a,899e376
e186806,4b1c539
0f4e3cd,4363bde
3051c49,4363bde
ea5445a,4363bde
ec440de,0cefc46
72cd95f,0cefc46
8efe10c,0cefc46
d2bbf51,08bb408
aba2b12,08bb408
f9d5fb4,f770dc8
3398024,f770dc8
bc257a5,67a2275
09f970f,67a2275
f2d3908,67a2275
0f70fd4,67a2275
3398024,67a2275
2caa6b5,67a2275
aba2b12,ae33045
b6cc908,a0f1eb3
76b76af,a0f1eb3
88fc18a,a0f1eb3
864ea15,a0f1eb3
5b76c2c,a0f1eb3
9aae6ea,a0f1eb3
8dec282,a0f1eb3
b54a1b7,480dd49
5d7758b,7de1280
26a35db,7de1280
82e64d3,16b9331
ab43fff,00ed1a0
483a0d1,b725e30
b2e4433,5c848ce
16c064c,0fa8f7d
76e9387,9298fbb
1fa49f1,9298fbb
864ea15,9298fbb
2b2b7e1,9298fbb
8f5a6bf,9298fbb
381cb0b,9298fbb
3398024,9298fbb
c6a8b20,9298fbb
e0298b7,9298fbb
397dc84,9298fbb
24bd8d7,9298fbb
7b6b911,9298fbb
2f4b79e,61e9292
ff4d83c,61e9292
299a4c0,a3eba70
c2078c6,a3eba70
f4bf6c1,9863732
6a7fdf0,a20eb4d
f3d89b4,84803c5
ef1445e,84803c5
5b76c2c,84803c5
b3988a2,6da9bf5
5e36879,26f1a5b
f1f44eb,26f1a5b
62e07ca,26f1a5b
f3ba964,26f1a5b
0373dfb,26f1a5b
acdfa7e,26f1a5b
ea10476,26f1a5b
684eed4,102f4ab
a5fc1cf,102f4ab
177a887,3c34aa8
a5fc1cf,3c34aa8
7d32348,3c34aa8
205d7a6,3c34aa8
34580df,3c34aa8
1ceae0f,3c34aa8
684eed4,3c34aa8
3051c49,3c34aa8
101dd85,3c34aa8
4363bde,3c34aa8
e51635b,3c34aa8
aae5e98,3c34aa8
3bcaf7a,3c34aa8
8138048,3c34aa8
299a4c0,3c34aa8
26a35db,3c34aa8
24bd8d7,3c34aa8
262ff79,3c34aa8
2caa6b5,3c34aa8
30e6002,3c34aa8
1329516,3c34aa8
217c82d,3c34aa8
c0a920c,3c34aa8
b68c9f9,3c34aa8
4f2c5b4,3c34aa8
513e42d,08cc074
f4b3eed,08cc074
7bdf0a8,08cc074
ac4e1f1,08cc074
9d94f8d,08cc074
ed6f765,08cc074
f5c4a25,08cc074
0d0f739,08cc074
cc5827f,08cc074
54c39d9,08cc074
aae5e98,08cc074
3bd3bb5,08cc074
2a24171,08cc074
977d3bc,08cc074
88216c6,08cc074
ea43792,08cc074
97e9f53,08cc074
225d136,08cc074
cad43e6,08cc074
bc8ff5f,08cc074
a698b7e,08cc074
112e69a,08cc074
43e21dd,08cc074
d9bf8c6,08cc074
c16665a,08cc074
177a887,08cc074
b69b4ab,08cc074
a48ae31,08cc074
205d7a6,08cc074
9bc9c86,08cc074
7ccc3d8,08cc074
a5fc1cf,08cc074
d545995,08cc074
add87f5,08cc074
3106118,08cc074
f17c4fe,08cc074
0ba6f79,08cc074
f1f44eb,b614de4
4e73077,3aa97fe
3412a02,3aa97fe
24bd8d7,3aa97fe
4b904e1,3aa97fe
8c9c576,3aa97fe
b3611a4,3aa97fe
13709de,3aa97fe
ff4d83c,3aa97fe
512d830,3aa97fe
b454fb7,3aa97fe
a06ce92,3aa97fe
b3988a2,3aa97fe
82e64d3,3aa97fe
6da9bf5,3aa97fe
38bd51b,3aa97fe
9298fbb,3aa97fe
84803c5,3aa97fe
e0298b7,3aa97fe
f3d89b4,3aa97fe
1ceae0f,5097fd5
aba2b12,5097fd5
01f7692,5097fd5
afa3b93,5097fd5
4e40210,5097fd5
013f3ad,5097fd5
ba289ad,5097fd5
a8cd789,5097fd5
f4ec595,5097fd5
755afec,5097fd5
1927fa4,5097fd5
217c82d,5097fd5
26f1a5b,73d7e4f
f1f44eb,73d7e4f
8f5a6bf,c249a98
09d93a0,22ef9f5
026328b,22ef9f5
4f49a5c,22ef9f5
f60ebac,77d2fb2
c249a98,77d2fb2
5b76c2c,77d2fb2
47971a1,d8951da
6d604c1,d8951da
ce6a726,2dc6a53
0c02197,2dc6a53
3504931,2dc6a53
0a4f0eb,2dc6a53
aba2b12,2dc6a53
b3611a4,2dc6a53
69aadf7,6b2adee
feea808,6b2adee
a8cd789,5d459b0
d5c8697,5d459b0
6a41005,08406e1
023afe0,08406e1
6dc7f10,08406e1
b3988a2,08406e1
6d604c1,08406e1
24bd8d7,afb40dc
026328b,afb40dc
b3a4fcc,0f3d4d2
8ce8b46,0f3d4d2
3badf71,0f3d4d2
d4ca575,d74d8f4
7fee648,d74d8f4
262ff79,fce4db9
26a35db,fce4db9
b273dab,fce4db9
3c34aa8,fce4db9
3bd3bb5,2362f58
b555623,2362f58
13ddca2,2362f58
611bd1c,2362f58
8f85d87,2362f58
08cc074,2362f58
24bd8d7,02cbed3
d8951da,02cbed3
3843481,4d5a89d
3843481,defd0cc
8f12f77,e45fa79
f5a9381,61ba877
412ab33,61ba877
504f5bc,61ba877
96990da,c980cfb
2b44c96,c980cfb
425f632,c980cfb
0ee892d,fddbcce
6a63fb4,8b21cd1
1759fb3,8b21cd1
2dc6a53,8b21cd1
299a4c0,8b21cd1
c352138,8b21cd1
1e33cb5,8b21cd1
b3611a4,8b21cd1
42340c1,8b21cd1
d198f32,8b21cd1
8c43be9,8b21cd1
392d49d,8b21cd1
5d7758b,8b21cd1
2caa6b5,8b21cd1
9efd21d,8b21cd1
40e7df8,0c20759
5d7758b,0c20759
5e36879,1068ab5
26a35db,1068ab5
7de1280,1068ab5
b91f837,1068ab5
84dc78c,1068ab5
d74d8f4,1068ab5
0299085,1068ab5
0373dfb,1068ab5
0514606,1068ab5
f4fa9e3,1068ab5
7fee648,1068ab5
ad6b0e4,1068ab5
504f5bc,1068ab5
5950571,1068ab5
975ac84,1068ab5
62e07ca,1068ab5
c9b6d83,1068ab5
c81959a,1068ab5
ca169d0,1068ab5
2169c4a,1068ab5
bd2ec16,1068ab5
0f3d4d2,1068ab5
2b44c96,1068ab5
01b1b16,1068ab5
67c7dc2,1068ab5
8ce8b46,1068ab5
704b29c,1068ab5
077c0be,1068ab5
f2946af,1068ab5
2386200,1068ab5
8e85652,1068ab5
22516c9,1068ab5
41e5493,1068ab5
e61887b,1068ab5
b3a4fcc,1068ab5
7d62577,1068ab5
05b59c8,1068ab5
96990da,1068ab5
8f12f77,1068ab5
326e14b,1068ab5
9644d27,1068ab5
f82e1fb,1068ab5
002f0a4,1068ab5
177a887,1d14aab
ea43792,1d14aab
b8b148c,1d14aab
08cc074,1d14aab
05affa0,3db9b6c
eeef193,3db9b6c
f4ec595,7a5ccb3
57f82d7,2abeaf0
2f4b79e,ba0fef4
1068ab5,6de5f3f
36e43b2,7dec732
aba2b12,7dec732
ea5445a,7dec732
dd564ae,7dec732
29d4a40,7dec732
26c968d,075932b
15a7eb7,075932b
684eed4,f957961
1ceae0f,f957961
1068ab5,f918716
ba289ad,269c956
dd564ae,269c956
755afec,269c956
22ef9f5,705edc5
4288407,9be3468
fd54fd1,9be3468
7f526ca,ed4f6d1
1068ab5,ed4f6d1
91d4593,d3534c9
c352138,d3534c9
9be3468,d3534c9
5950571,d3534c9
aba2b12,c0448b2
217c82d,c0448b2
326e14b,8cb0425
4bd0aad,8cb0425
c3f9346,8cb0425
faa0829,f5ebc72
c3f9346,f5ebc72
8cb0425,f5ebc72
705edc5,3b35b62
22ef9f5,3b35b62
4f49a5c,3b35b62
aba2b12,3b35b62
6a41005,d0d3f58
a20eb4d,d0d3f58
b3988a2,d0d3f58
fac6b97,d0d3f58
c501175,862e887
9e42487,862e887
5950571,862e887
3f6ba89,862e887
fd54fd1,862e887
ff4d83c,862e887
6e6f881,862e887
9131de7,862e887
ea10476,862e887
67a2275,862e887
d3534c9,862e887
2caa6b5,862e887
5ab104e,c18b887
08406e1,c18b887
62e07ca,f2c08ee
0968ba7,f2c08ee
5a51823,f2c08ee
56d0392,0bfae6d
03a383e,0bfae6d
62e07ca,0bfae6d
0968ba7,0bfae6d
9168e66,0bfae6d
1068ab5,0bfae6d
5a51823,0bfae6d
a65f6d7,0bfae6d
9bf54d4,57ff75e
7949eb7,57ff75e
0f70fd4,57ff75e
69a491b,57ff75e
290c6bc,57ff75e
34bf67e,57ff75e
737d36b,57ff75e
84bfe46,57ff75e
69aadf7,57ff75e
ac03bb5,57ff75e
feea808,57ff75e
6d897f9,57ff75e
25f28a2,57ff75e
aba2b12,57ff75e
2f4b79e,1df9413
759928f,1df9413
36e43b2,ceef529
aba2b12,ceef529
24bd8d7,ceef529
c501175,fd5683b
5950571,fd5683b
fd54fd1,fd5683b
6c59fce,862e887
e1f58d5,862e887
8f85d87,b8f5443
326e14b,c652993
c3f9346,c652993
684eed4,fe9a21c
1ceae0f,fe9a21c
7dec732,f2aa8ed
9298fbb,c5e7758
f3ba964,699fc5b
fd54fd1,a9a19a7
5de6418,a9a19a7
7eda955,a9a19a7
7ccc3d8,37a0e64
73fc3f1,37a0e64
e88a644,37a0e64
38b4606,a3bcfe7
1068ab5,83389c3
8ce8b46,83389c3
38b4606,83389c3
a3bcfe7,83389c3
93e2719,1248bd1
5251942,1248bd1
6433378,1248bd1
0a18feb,1248bd1
481eefc,1248bd1
42340c1,1248bd1
1a73615,1248bd1
6e199c6,1248bd1
91e83d2,1248bd1
2f4b79e,1248bd1
1fa49f1,1248bd1
2339e16,1248bd1
08406e1,1248bd1
57fd3fb,1248bd1
bd1f3b5,1248bd1
9298fbb,1248bd1
83237e4,1248bd1
e697820,1248bd1
1379d1d,1248bd1
ff4d83c,1248bd1
52c9295,1248bd1
0f46525,1248bd1
864ea15,1248bd1
2b2b7e1,1248bd1
6a41005,1248bd1
a20eb4d,1248bd1
d0d3f58,1248bd1
ab43fff,1248bd1
6a7fdf0,1248bd1
780b693,1248bd1
3398024,1248bd1
a27bf46,748de75
3843481,bdecdcf
4d5a89d,bdecdcf
07398e0,8dc242a
3487e9e,40028e7
02cbed3,40028e7
83237e4,a9fcd5d
c17cfb0,80903fa
0cae920,7299bd7
21592f0,7299bd7
e9a7f3c,7299bd7
1218c92,7299bd7
3502cae,7299bd7
6ffcf00,7299bd7
3add0d7,7299bd7
ecc12bd,7299bd7
724b057,7299bd7
77b905b,7299bd7
3045433,7299bd7
079c0d7,7299bd7
7040851,7299bd7
93506fe,7299bd7
1eb084c,7299bd7
0f6db45,7299bd7
3f031d5,60750de
a44b6f9,60750de
601320d,60750de
24c6328,60750de
369eb05,60750de
bc738a2,60750de
e0b2aea,60750de
2a3f7b7,60750de
74c8188,60750de
9d31796,60750de
319c135,60750de
a48cfef,1a63032
dfbae27,1a63032
a58632b,1a63032
d47f6c7,1a63032
369eb05,1a63032
780b693,1a63032
a96a03d,1a63032
b80f524,1a63032
ab91b7f,1a63032
9d31796,1a63032
1eb084c,1a63032
f3fa32e,1a63032
3502cae,1a63032
1218c92,1a63032
892ce50,1a63032
fbaa48e,bb39b48
fe4d704,bb39b48
38b4606,bb39b48
a315a9d,bb39b48
2b44c96,bb39b48
f4fa9e3,bb39b48
a73c5ab,9be1144
ecb1bfe,9be1144
aba2b12,9be1144
dd564ae,9be1144
3aac2d6,9be1144
83237e4,9be1144
90027ef,85ef559
e45fa79,85ef559
912a565,85ef559
fa20517,85ef559
2e81434,85ef559
36e43b2,d3965e9
1cef292,d3965e9
23f2095,d3965e9
6b96692,d3965e9
fc378a7,b813c3d
4d1ca8d,b813c3d
ce36658,b813c3d
9d31796,b813c3d
d2e1f3c,b813c3d
05affa0,b813c3d
dfbae27,b813c3d
a8cb7de,b813c3d
e9a7f3c,b813c3d
a55fd04,b813c3d
3f031d5,b813c3d
804e18c,b813c3d
8eb97c2,b813c3d
64ac374,b813c3d
aba2b12,5a0e691
9417640,5a0e691
df47b11,2e71421
5251942,2e71421
49e73d3,46de558
fd54fd1,46de558
a789d4c,46de558
2ecdadb,46de558
b6c016a,46de558
4e37cb1,46de558
83237e4,e96c8da
69c68d0,e96c8da
5ffd890,122d519
8aba4e9,19dec1e
45541c5,29439c7
1d9d014,2225bc7
26a35db,2225bc7
9944592,2225bc7
753f489,2225bc7
c418d12,2225bc7
f06bece,2225bc7
3398024,2225bc7
ed6ff2b,2225bc7
abca2a5,2225bc7
88216c6,2225bc7
ae675f8,2225bc7
503cc60,2225bc7
85205e0,2225bc7
36e43b2,2225bc7
b3611a4,2225bc7
01a13a3,2225bc7
392d49d,2225bc7
8c9c576,2225bc7
7ccc3d8,2225bc7
103a67c,2225bc7
8b21cd1,2225bc7
95189e1,2225bc7
bca95f0,2225bc7
102f4ab,2225bc7
bd4515d,2225bc7
8c43be9,2225bc7
8fd147f,2225bc7
84534b4,2225bc7
7d3040a,2225bc7
f869413,2225bc7
a73c5ab,2225bc7
3c34aa8,2225bc7
e4c0baa,2225bc7
d198f32,2225bc7
17d8767,2225bc7
3292b4b,2225bc7
5b75081,2225bc7
c352138,4b04709
23f2095,4b04709
6b96692,4b04709
650b677,4b04709
1248bd1,6b82e83
83237e4,6b82e83
6c37a89,1cbef71
482684e,e21120a
323eecf,e21120a
a44b6f9,e21120a
092c2f7,e21120a
efebad6,e21120a
ab91b7f,e21120a
14a1935,90ac084
6c37a89,ee07bb3
29878af,b82151f
a44b6f9,b82151f
e26f756,b82151f
2513cb2,b82151f
6ca4de2,b82151f
601320d,b82151f
e20bb9a,b82151f
83237e4,0ce5541
69c68d0,0ce5541
1248bd1,0ce5541
9533013,0ce5541
05a782b,0ce5541
1a73615,0ce5541
62a4bb8,0ce5541
954acd1,0ce5541
3d2bebe,0ce5541
5b76c2c,0ce5541
6d604c1,0ce5541
23f2095,0ce5541
e171aa5,0ce5541
91e83d2,0ce5541
be6703f,1a89a7b
ce36658,1a89a7b
6c37a89,fefa169
7f42e48,9e99fe5
30b1434,fe5a91b
29878af,fe5a91b
dd24bf7,fe5a91b
1fc7419,fe5a91b
8a257be,fe5a91b
9774d3d,fe5a91b
a58b76e,fe5a91b
b90399d,fe5a91b
d47f6c7,fe5a91b
a58632b,fe5a91b
d64970a,fe5a91b
48cf14a,fe5a91b
2a8ed2f,9a30858
f1ddecc,7d4f342
60b6c02,759db78
d198f32,759db78
9d87933,40fb188
fb1c53d,40fb188
6c37a89,40fb188
bc314e6,40fb188
61e9292,40fb188
fd54fd1,40fb188
6c37a89,789ee67
1be90a9,789ee67
8e5e291,789ee67
2caa6b5,789ee67
6c37a89,a54c02e
f52c2d2,2aab703
6c37a89,2aab703
6f2797b,1036f38
83237e4,1036f38
7363dbc,b76388e
9417640,5ab998f
14a1935,41fd344
90ac084,41fd344
1a89a7b,385b7c9
ce36658,385b7c9
6c37a89,d838106
6c37a89,3a53a3c
101dd85,3a53a3c
8e5e291,3a53a3c
52de04e,9d6ba0d
95d01ff,9d6ba0d
6c37a89,6af651b
11afa69,6af651b
0e249dd,81fe76f
097c8f7,81fe76f
d17b250,81fe76f
216a640,81fe76f
895de57,81fe76f
49e98f5,81fe76f
fb065d7,81fe76f
d2e1f3c,81fe76f
1fe8c76,81fe76f
360ae40,81fe76f
8b6052b,81fe76f
01e6c8d,81fe76f
2eb3278,81fe76f
a55fd04,81fe76f
601320d,81fe76f
b2e4433,81fe76f
a58b76e,81fe76f
8e279f8,81fe76f
97eb920,81fe76f
8a257be,81fe76f
5f424a5,81fe76f
d8b2070,a77e4c2
b555623,a77e4c2
6429049,a77e4c2
611bd1c,a77e4c2
8f85d87,a77e4c2
07398e0,a77e4c2
dc92f34,a77e4c2
fca0b52,a77e4c2
23f2095,a77e4c2
c94f27a,a77e4c2
49e73d3,0fb027e
46de558,0fb027e
fd54fd1,0fb027e
a789d4c,0fb027e
2ecdadb,0fb027e
fc2a9f9,0fb027e
6c37a89,0fb027e
58a24ac,0fb027e
b6c016a,0fb027e
504f5bc,0fb027e
9e42487,0fb027e
f8205e7,c8ad95e
fdad0aa,c8ad95e
6c37a89,4a83a69
0f3d4d2,1c3abfb
67c7dc2,1c3abfb
1068ab5,1c3abfb
6de5f3f,1c3abfb
6e7b422,1c3abfb
b1482a3,1c3abfb
38b4606,1c3abfb
921d4ce,691a03a
83237e4,f288907
fe8c407,51a0476
f88b524,51a0476
e2e634d,51a0476
4aeb99b,51a0476
6a1f047,469d009
09a35f3,469d009
db64a6a,c400294
6c37a89,acd646e
6c37a89,12649ae
01ae529,12649ae
1a63032,d7e421f
9f217fd,7de8eaa
df47b11,7de8eaa
ec440de,7de8eaa
aa0b4f4,e45d82e
6c37a89,586709a
341f030,586709a
9e42487,586709a
0fb027e,586709a
51c1cb5,7403318
6c37a89,ed12e0a
ee07bb3,ed12e0a
f455bce,ed12e0a
7dec732,150984b
aba2b12,150984b
ae7f205,150984b
102f4ab,150984b
6c37a89,089a9f8
a27e645,089a9f8
f4bd89f,089a9f8
ea5445a,089a9f8
aba2b12,9d8fb63
ac2d8a7,e90ba20
a90ea9b,e90ba20
323eecf,e90ba20
4116ac3,a8ce74d
a3eba70,304450a
299a4c0,304450a
e88a644,304450a
787008b,304450a
c352138,304450a
84dc78c,304450a
8c9c576,304450a
8b6616c,304450a
6c37a89,304450a
1e33cb5,304450a
eb8b707,304450a
6e7b422,304450a
c2078c6,304450a
7fee648,304450a
4b04709,304450a
304450a,5550ac6
1abc9c1,5550ac6
e88a644,5550ac6
5f47bbe,b6ee02c
8d32719,b6ee02c
51a0476,b6ee02c
fd54fd1,b6ee02c
14a1935,b6ee02c
84ca089,5e4393c
6c37a89,9ec45b7
601320d,2eb419e
e129567,2eb419e
2383535,6da771a
2e3e41f,6da771a
2df5479,6da771a
f5270e4,6da771a
6c37a89,4be9521
e5c7f6b,70a13f3
40e7df8,f8ca95e
83237e4,e877a03
6c37a89,e877a03
e96c8da,e877a03
a54c02e,e877a03
9be1144,e877a03
6c37a89,5c79de6
7dec732,0721322
9d31796,c3665ae
1eb084c,c3665ae
1218c92,c3665ae
1a63032,c3665ae
0c6a30a,c3665ae
1be90a9,e49d091
17d401d,8c24208
8f85d87,e6ef3dd
8f85d87,50b6e3b
83237e4,75ea1e4
91e83d2,75ea1e4
1dd8021,75ea1e4
809969a,75ea1e4
69c68d0,75ea1e4
691a03a,87884c7
17d401d,87884c7
17fa8ba,87884c7
6d4537d,87884c7
e87621f,87884c7
a44b6f9,87884c7
221ddfc,87884c7
691a03a,ed651a4
17d401d,ed651a4
17fa8ba,ed651a4
6d4537d,ed651a4
e87621f,ed651a4
a44b6f9,ed651a4
221ddfc,ed651a4
2307863,52beaf6
6c37a89,52beaf6
2307863,2b4e9a9
6c37a89,2b4e9a9
6ca4de2,e4083dc
08cc074,d8000fa
086463b,d8000fa
fb03e03,ffbdb44
05affa0,6f81043
2727721,6f81043
01e6c8d,6f81043
16ea34c,6f81043
14b9e9f,6f81043
b813c3d,6f81043
cda19f2,ed7ccf7
7299bd7,ed7ccf7
f3fa32e,ed7ccf7
3e93644,ed7ccf7
93506fe,ed7ccf7
079c0d7,ed7ccf7
95b40a2,ed7ccf7
1218c92,ed7ccf7
aca1a27,ed7ccf7
26141c2,ed7ccf7
9d31796,ed7ccf7
1a63032,ed7ccf7
1a63032,504e281
81fe76f,504e281
c4f0aa5,e778ea6
c2078c6,e778ea6
411fd3c,94fde61
0299085,94fde61
38b4606,1cf318c
2715208,1cf318c
2115920,1a4c003
83237e4,a4d6cf2
f288907,029af3a
83237e4,029af3a
2fabaa3,029af3a
f1f44eb,029af3a
83237e4,cc006b5
f288907,cc006b5
a52a5e8,61a9255
9a2c66d,61a9255
83237e4,61a9255
6c37a89,61a9255
f1f44eb,61a9255
d126a29,61a9255
f288907,61a9255
23f2095,61a9255
83237e4,b6781c1
a52a5e8,e844051
4fcfcb8,e844051
1068ab5,e844051
0373dfb,e844051
6c37a89,e844051
f1f44eb,e844051
83237e4,e844051
2115920,e844051
ed4f6d1,e844051
a52a5e8,02795b2
5e36879,02795b2
f1f44eb,02795b2
83237e4,02795b2
ed4f6d1,02795b2
0373dfb,901b1e8
83237e4,901b1e8
8cbfa31,f2a8a45
36e43b2,1d4d1df
9a30858,1d4d1df
10da177,1d4d1df
c17c956,1d4d1df
ff09f5b,1d4d1df
650b677,1d4d1df
3c34aa8,1d4d1df
d0d3f58,1d4d1df
4b04709,1d4d1df
b555623,d5e5717
a23f7cf,d5e5717
3b57a2b,d5e5717
a77e4c2,d5e5717
dc92f34,d5e5717
d8b2070,d5e5717
fd54fd1,fee1640
1faa467,1062524
d698618,1062524
a23f7cf,1062524
df06a3c,b44ec86
bcde4d8,2f97f96
26a35db,2f97f96
26a35db,9b58a3c
1759fb3,9b58a3c
7f526ca,9b58a3c
787008b,9b58a3c
3870ab0,9b58a3c
8b6616c,9b58a3c
86197aa,9b58a3c
f4fa9e3,9b58a3c
23f2095,9b58a3c
c2078c6,9b58a3c
83237e4,9736737
5864960,9736737
fba6edc,9736737
accb455,9736737
8f85d87,9736737
df47b11,9736737
b4251c3,9736737
185d5a0,9736737
3398024,9736737
504f5bc,9736737
f9c3d40,c225847
1218c92,82afba6
4fcfcb8,f34b4fb
6e7b422,f34b4fb
f4fa9e3,f34b4fb
48eccf5,f34b4fb
f4fa9e3,4db66fd
1248bd1,a7cb159
b1b526a,b83de53
04d269f,11f46bd
42962fa,11f46bd
4b637c5,11f46bd
82b345e,11f46bd
6c37a89,11f46bd
3398024,11f46bd
043c8d6,11f46bd
347f924,11f46bd
2b4e9a9,11f46bd
dfd067b,11f46bd
5c79de6,11f46bd
2138a24,11f46bd
0a4f0eb,11f46bd
6c37a89,4a7b25c
15f0acf,4a7b25c
a48742b,d3761d4
ad6b0e4,d3761d4
e7f78f4,d3761d4
5aaed19,d3761d4
1be90a9,d3761d4
94fde61,d3761d4
cc5827f,61dbaab
a0f1eb3,b99658c
aba2b12,f35698c
2307863,7c3052d
6c37a89,7c3052d
0a4f0eb,7c3052d
04d269f,7c3052d
11f46bd,7c3052d
d90f22f,7c3052d
b454fb7,7c3052d
f2946af,7c3052d
299a4c0,7c3052d
0960140,7c3052d
185d5a0,7c3052d
141083a,7c3052d
9736737,7c3052d
accb455,7c3052d
df47b11,7c3052d
36e43b2,7c3052d
aae5e98,7c3052d
a0c50f8,7c3052d
b54a1b7,7c3052d
d6ad00a,7c3052d
7de8eaa,7c3052d
504f5bc,7c3052d
13709de,7c3052d
38dc277,7c3052d
5a7d264,7c3052d
0f46525,7c3052d
fba6edc,7c3052d
864ea15,7c3052d
1da75bb,7c3052d
8009c09,7c3052d
3398024,7c3052d
e5ab919,7c3052d
add87f5,7c3052d
77c240c,7c3052d
e85cd0c,7c3052d
aba2b12,14e4885
83626b8,14e4885
51b6120,14e4885
accb455,43d67de
1d84cbe,ac8e59a
1218c92,f6cc2c6
7299bd7,1404266
3045433,1404266
3045433,9985c8f
84bde74,9985c8f
129c285,9985c8f
7299bd7,9985c8f
1218c92,9985c8f
26141c2,9985c8f
7c3052d,bef7fac
0f46525,bef7fac
284693b,45ab718
84ca089,45ab718
be19ddb,45ab718
d425e27,7cd7bd8
cefae8d,7cd7bd8
aba2b12,7cd7bd8
1218c92,81afd82
aba2b12,af1ecd5
2a4d172,cdb8ad6
0bfae6d,cdb8ad6
3045433,4a0a96f
bc84e6c,9633737
e698ce6,9633737
8700b05,9633737
016932e,61c3740
26a35db,61c3740
6c37a89,61c3740
82b345e,61c3740
9d31796,53fd3dd
c289cf4,53fd3dd
9863732,53fd3dd
b2e4433,53fd3dd
1a63032,53fd3dd
8dec282,53fd3dd
82b345e,e3000a0
afb40dc,8980f67
2e1d743,8980f67
07398e0,8980f67
a1f22c3,8980f67
d4ca575,8980f67
03b0269,f848bc2
4288407,693f8f6
6c37a89,693f8f6
5950571,693f8f6
3bcdf43,693f8f6
e260076,693f8f6
1087f93,8a51f9e
9bec8d7,8a51f9e
8904ba6,8a51f9e
9c54c7a,8a51f9e
b7cd7e8,8a51f9e
3289f39,8a51f9e
36e43b2,8a51f9e
3bd3bb5,8a51f9e
d92746d,8a51f9e
df47b11,8a51f9e
5f29be7,8a51f9e
01f7692,8a51f9e
df47b11,3d2d861
90ab970,3d2d861
09961c3,3d2d861
5251942,3d2d861
8700b05,b80fb7d
2ef6584,b80fb7d
702acd2,b80fb7d
1d84cbe,b80fb7d
aba2b12,e31c84c
36e43b2,e31c84c
d92746d,e31c84c
09961c3,cb91332
381cb0b,4d33358
5864960,4d33358
87d8d34,4d33358
381cb0b,3a6f633
381cb0b,3b671d0
09961c3,3b671d0
3511b09,9ce1f17
5d7758b,2252862
5d7758b,2d0ec94
089f86d,d1dc638
23f2095,d1dc638
6cf9320,ce6f0bf
82b345e,1420d61
693f8f6,1420d61
4288407,1420d61
6e6f881,1420d61
0fb027e,1420d61
6c37a89,1420d61
b80fb7d,1420d61
fd54fd1,1420d61
ff4d83c,1420d61
9131de7,1420d61
ea10476,1420d61
d3534c9,1420d61
5950571,1420d61
e260076,1420d61
2caa6b5,1420d61
25a273f,1420d61
862e887,1420d61
8700b05,1420d61
b6c016a,1420d61
720bef7,328a777
5d06bc6,328a777
177a887,d745f8c
9bc9c86,d745f8c
b68c9f9,d745f8c
83237e4,cd52e5b
09961c3,cd52e5b
75ea1e4,cd52e5b
6c37a89,b7088a3
b6c016a,b7088a3
82b345e,b7088a3
eecdc9a,b7088a3
6efacdb,b7088a3
862e887,b7088a3
601320d,fd615cb
01e6c8d,fd615cb
e90ba20,fd615cb
a90ea9b,fd615cb
323eecf,fd615cb
fd3e9fe,fd615cb
341f030,9f50eab
6ab41ee,9f50eab
a7d9b68,9f50eab
6c37a89,9f50eab
586709a,9f50eab
3bcdf43,9f50eab
1420d61,9f50eab
693f8f6,9f50eab
f750087,56e6db1
772df4e,56e6db1
bc8ff5f,56e6db1
7997634,56e6db1
08cc074,56e6db1
504fbed,56e6db1
dd5eb31,56e6db1
a48ae31,56e6db1
d745f8c,56e6db1
14ff330,56e6db1
b8b148c,56e6db1
112e69a,56e6db1
2d34e67,56e6db1
b69b4ab,56e6db1
eecdc9a,56e6db1
102f4ab,56e6db1
3c34aa8,56e6db1
dc92f34,56e6db1
6cf9320,56e6db1
a5fc1cf,56e6db1
c9950d7,da98af9
8ed9a1c,193778e
be3fb20,bd87258
26a35db,bd87258
0299085,bd87258
a48742b,bd87258
045bd15,bd87258
8daea5f,bd87258
f4fa9e3,25f5143
1759fb3,25f5143
a35801f,25f5143
7fee648,25f5143
8e53ed0,25f5143
10da177,5f04823
9a30858,020e358
56a2d33,020e358
1d4d1df,020e358
c15226f,020e358
01e6c8d,020e358
6cf9320,020e358
c15226f,536350f
6cf9320,536350f
cc5827f,7f0e1b7
adc6d52,b9cc9c3
42962fa,b9cc9c3
4b637c5,72e2478
0a4f0eb,72e2478
0a4f0eb,f3a3ef2
5cbc294,316298e
4b53aba,1e1efff
601320d,8c3bbcc
2513cb2,8c3bbcc
6c37a89,184f58f
1e95aa1,184f58f
3677220,5cf2b13
62e07ca,024a705
be3fb20,024a705
9b58a3c,024a705
e49d091,024a705
7f526ca,024a705
893efe3,024a705
618e62d,024a705
b63904c,024a705
4fcfcb8,024a705
8286769,024a705
26a35db,508e16e
411fd3c,508e16e
e49d091,508e16e
a1d64e7,508e16e
61c3740,508e16e
ad6b0e4,508e16e
94fde61,508e16e
4fcfcb8,508e16e
73f3c91,508e16e
62e07ca,508e16e
5aa2078,508e16e
38cec71,508e16e
57f82d7,508e16e
e7f78f4,508e16e
b63904c,508e16e
618e62d,508e16e
2d3b581,508e16e
7fee648,508e16e
262ff79,508e16e
be3fb20,508e16e
2abeaf0,508e16e
a48742b,508e16e
5aaed19,508e16e
0299085,508e16e
1be90a9,508e16e
6e7b422,508e16e
c2078c6,508e16e
7badeb5,508e16e
5e36879,508e16e
62e07ca,24e7921
b5e672f,24e7921
be3fb20,24e7921
7f526ca,24e7921
016932e,24e7921
0299085,24e7921
aa0b4f4,24e7921
a48742b,4ae1673
2abeaf0,354765d
1be90a9,354765d
f527d87,354765d
5e36879,af2c42c
0299085,af2c42c
a48742b,af2c42c
62e07ca,af2c42c
7badeb5,af2c42c
38cec71,af2c42c
4fcfcb8,059b9ab
be3fb20,059b9ab
26a35db,059b9ab
a48742b,059b9ab
ce6ae6e,2313861
4bc3491,2313861
3f2f0d5,826413b
c98b557,826413b
a58b76e,826413b
91dfd62,826413b
216a640,826413b
6cd2e31,826413b
d23c299,826413b
15a7eb7,826413b
b48dce7,826413b
15a7eb7,e78bef0
0cc696a,e78bef0
91dfd62,e78bef0
7997634,62374f5
7f206ef,62374f5
8f85d87,c940b84
ce36658,c940b84
7997634,425289c
388fcd1,12a1eb2
aba2b12,12a1eb2
7f206ef,c786ff3
2859eb0,ecdb0bc
e3000a0,3d11173
e3000a0,f848bc2
62e07ca,dca6a2c
26a35db,dca6a2c
91dfd62,0f9196a
d17b250,0f9196a
d17b250,13c5bc0
81fe76f,13c5bc0
7aba39e,a6b1274
7aba39e,9f5fbe1
52de04e,8858d8f
df06a3c,8858d8f
6ea3096,8858d8f
239439b,8858d8f
d2e1f3c,8858d8f
91dfd62,8858d8f
810d4a3,8858d8f
1a63032,8858d8f
cda19f2,8858d8f
9d31796,8858d8f
7f0f194,8858d8f
fdfb9d5,8858d8f
504e281,8858d8f
b813c3d,8858d8f
0ce22ce,8858d8f
1218c92,8858d8f
45541c5,8858d8f
64a704b,8858d8f
ef7d9ec,8858d8f
2513cb2,8858d8f
601320d,8858d8f
81fe76f,8858d8f
ab2070d,8858d8f
76c4ced,8858d8f
a3cf962,8858d8f
05affa0,6a5e897
e697f5b,6a5e897
16ea34c,6a5e897
2727721,6a5e897
5b5a124,6a5e897
3f0f786,6a5e897
27f12f8,6a5e897
004c6cb,6a5e897
d64970a,6a5e897
15a7eb7,6a5e897
ca59227,6a5e897
6f81043,6a5e897
8a69c2b,2ddf785
aa59559,da3aa10
810d4a3,da3aa10
bc2211c,da3aa10
a7bae20,da3aa10
336fa85,da3aa10
27cdfc3,da3aa10
a75e7d2,da3aa10
1a63032,3c53a13
ab91b7f,3c53a13
8e279f8,8948d49
9b9df37,8948d49
eedd050,8948d49
31ac06f,8948d49
31ac06f,1398c7c
f8ba3a4,1398c7c
3ec6814,1398c7c
fea9f2a,1398c7c
26d36d8,013d403
29878af,013d403
30b1434,013d403
fdfb9d5,013d403
e26f756,013d403
20620b4,013d403
2513cb2,013d403
b42c7d3,013d403
6ca4de2,013d403
e4083dc,013d403
6eb196c,013d403
b82151f,013d403
601320d,013d403
60750de,013d403
5f23120,013d403
2a3f7b7,013d403
16036aa,013d403
8c3bbcc,013d403
bb79e86,013d403
a44b6f9,013d403
2ab04f7,013d403
8dec282,8695255
6508398,7a69f15
8a69c2b,7a69f15
2ef5d9a,7a69f15
a9f174c,c945c27
6ca4de2,c945c27
29878af,c945c27
26d36d8,c945c27
543189e,fcc893a
8dec282,fcc893a
601320d,2823fe4
eedd050,4ccb906
601320d,570bc62
9d31796,6db6fb8
64a704b,6db6fb8
1218c92,6db6fb8
27cbac3,6db6fb8
0f9196a,932caa3
b69490b,932caa3
2b8143e,932caa3
8dec282,932caa3
01e6c8d,932caa3
3ced3f9,c29e4db
aa59559,c29e4db
9d7e54c,2f2db94
5d82fcb,5d0298a
086463b,294199b
9b92bf8,294199b
094a5a4,294199b
fe5a91b,294199b
09ebb0f,294199b
edbc07c,294199b
eedd050,252b151
fd3e9fe,252b151
4c45989,252b151
eb0807b,252b151
ce968a2,252b151
b10ed41,24a108a
25fb7c6,24a108a
7eda955,24a108a
086463b,24a108a
fda77af,24a108a
91dfd62,24a108a
63aab27,24a108a
740f7ad,24a108a
810d4a3,24a108a
a96a03d,24a108a
d2e1f3c,24a108a
4fe1c64,24a108a
75ff0f8,24a108a
23f82d0,24a108a
6140649,24a108a
780b693,24a108a
872e097,a98961e
3dcf43d,a98961e
b294585,a98961e
e186806,d6bd62e
3dcf43d,d6bd62e
b294585,d6bd62e
f9eaca7,d6bd62e
013d403,f437fb5
ad7daa5,f437fb5
155c0a6,f437fb5
3408c16,f437fb5
a9f174c,f437fb5
86321f4,f437fb5
8dec282,f437fb5
b3702b2,f437fb5
8b01ca1,f437fb5
f437fb5,47d9a60
921d4ce,47d9a60
4f82255,1b81c99
16ea6ce,1b81c99
c022a88,1b81c99
3fe2713,1b81c99
fea9f2a,1b81c99
4465e49,1b81c99
231c6a7,ffb317c
4f82255,3b56df0
ea5cd13,3b56df0
5e14491,66869b1
fcb7a1c,66869b1
fe5a91b,37d3fd3
d466205,37d3fd3
b072910,37d3fd3
f437fb5,159b48c
3408c16,159b48c
092c2f7,9f8c7e3
f793423,9f8c7e3
a58632b,9f8c7e3
6e6c12a,ddfcc65
81fe76f,ddfcc65
fcc893a,ddfcc65
8dec282,ddfcc65
dbcdd0b,ddfcc65
5d82fcb,d8875a4
7fc8dfb,d8875a4
289aa0f,d955fbe
f2653b0,d955fbe
68417de,d955fbe
777cbc9,d955fbe
c7d5e83,d955fbe
3f2f0d5,d955fbe
733866d,d955fbe
d5e54a5,d955fbe
a58632b,30d2a16
dab3349,cf8820b
8e9ec9c,cf8820b
a4343cf,e6dcc36
3f47c60,e6dcc36
84a58b9,e6dcc36
b813c3d,e6dcc36
4361a69,82ac502
f1d1446,82ac502
a58632b,82ac502
fe5a91b,c9b6d83
29878af,c9b6d83
27f12f8,1129522
d6d65fc,1129522
da3aa10,1129522
810d4a3,1129522
5d0298a,1129522
4ccb906,1129522
c7d5e83,1129522
8201bb9,1129522
a4343cf,6f72bd5
ee15019,6f72bd5
086463b,6f72bd5
e26eecd,6f72bd5
dbfa3f5,6f72bd5
395fe63,24ebd82
26d36d8,24ebd82
4fe1c64,24ebd82
b10ed41,24ebd82
4b1038d,24ebd82
cb23701,285d97d
abd4ae6,285d97d
6a5e897,285d97d
8f3c207,285d97d
05affa0,285d97d
2727721,285d97d
5d82fcb,285d97d
00e365d,285d97d
3a4efa1,285d97d
48cf14a,459737f
23b8cd0,459737f
ab91b7f,459737f
8fc3e7a,459737f
cb23701,ed0b352
9a86709,035c54d
b1b01a6,035c54d
d20e899,035c54d
daba7dc,035c54d
bc77a5b,035c54d
ff877b3,e9f55ae
3a4b91b,e9f55ae
0cc696a,e9f55ae
c991b41,e9f55ae
abd4ae6,e9f55ae
8f3c207,e9f55ae
4f82255,da33baf
6d4537d,da33baf
4465e49,da33baf
81fe76f,da33baf
3045433,eb89e52
9985c8f,eb89e52
1404266,eb89e52
7f9ca76,eb89e52
4bbf7a6,eb89e52
26141c2,eb89e52
f862da6,eb89e52
8b01ca1,41c129e
6d4537d,41c129e
f437fb5,41c129e
013d403,41c129e
f437fb5,66dddfc
b57dc49,66dddfc
abd4ae6,2ebee0b
231c6a7,2ebee0b
05affa0,2ebee0b
3a4b91b,2ebee0b
086463b,b94672b
e1a3311,b94672b
cb23701,b94672b
0e249dd,552ab6d
85b30cf,36fbe93
85b30cf,30adf31
05affa0,826f3e2
cb257db,826f3e2
6f81043,826f3e2
701ef52,826f3e2
84a58b9,826f3e2
d9ac5ea,83d67e6
15fef60,cb259a7
5d82fcb,cb259a7
9c060b1,cb259a7
3a4b91b,cb259a7
3a4b91b,31a4d8e
285d97d,31a4d8e
e9f55ae,31a4d8e
2ebee0b,31a4d8e
9cae224,31a4d8e
6ca4de2,03b6c44
