inducing_commit,fixing_commit
44f513f,7ce41ce
1a79c28,cef53be
685968c,e4c9631
91d1c5d,e4c9631
b8f3b33,e4c9631
b96aed1,e4c9631
4bec319,f8d6249
333f8f6,f8d6249
5a2b3ab,f8d6249
1d4a7a1,f8d6249
b96aed1,f8d6249
b8f3b33,ee9b561
2693a12,e30977e
8cf4a26,e30977e
f80f931,8b191b1
8e1eda3,8b191b1
7aaa73e,b6dec0f
2c18375,dfcc0a0
18bfa5d,cdaf6bf
086dd6c,cdaf6bf
9e0f95d,1dccecb
6e51a90,1dccecb
f497d1a,1dccecb
64f221d,482a096
3cca33a,482a096
98049c0,30dfae7
0045fb2,30dfae7
cf118c9,ec7dc92
f024406,ec7dc92
2f02ff7,ec7dc92
b8f3b33,ec7dc92
ad4981f,ec7dc92
34d9300,ec7dc92
96cb596,6df955b
d180d73,6df955b
40ab936,6df955b
0359cdc,950e025
b3de687,bedd161
c42658b,bedd161
446cb54,bedd161
00175ab,bedd161
1de471d,bedd161
b8f3b33,bedd161
505c0fc,bedd161
cbe5703,e2eec5a
9d07a3d,2c45524
c8ba57a,2c45524
d180d73,1027b56
783ce44,1027b56
9531c58,1027b56
15c6dc3,fe24cfc
227e01f,fe24cfc
b8f3b33,fe24cfc
865ab9f,4df900a
b8f3b33,4df900a
fd8574d,4df900a
f5c4b83,4df900a
0e5baa3,4df900a
550e81b,4df900a
2f12243,4df900a
da98322,4df900a
0359cdc,4df900a
7ccf755,4df900a
e6af1f6,4df900a
b96aed1,4df900a
34d9300,4df900a
91d1c5d,4df900a
b923059,4df900a
865ab9f,cbebbfd
2956c9a,cbebbfd
81c19ee,cbebbfd
e1b3640,cbebbfd
b8f3b33,cbebbfd
1d4a7a1,33449d6
3cca33a,33449d6
568232c,3b7674a
3733cf2,3b7674a
f8d6249,3b7674a
537881b,3b7674a
4a6a4a7,3b7674a
cf48bf6,3b7674a
91d1c5d,3b7674a
b8f3b33,3b7674a
b96aed1,3b7674a
865ab9f,3b7674a
41ae4c5,3b7674a
fa21d70,3b7674a
947f384,3b7674a
dcd09c9,3b7674a
bc56aab,3b7674a
1d4a7a1,3b7674a
64f221d,3b7674a
3cca33a,3b7674a
8d8cb2e,3b7674a
d864870,3b7674a
482a096,3b7674a
02791b5,3b7674a
9e264ee,3b7674a
4a5b659,3b7674a
63b0e7e,3b7674a
c19773c,3b7674a
1a0e2eb,3b7674a
5a2b3ab,3b7674a
bdd4485,3b7674a
2f12243,3b7674a
b88cef1,3b7674a
460782b,3b7674a
34d9300,3b7674a
899da2d,3b7674a
23f90af,910c7e0
3433911,910c7e0
418458d,910c7e0
b8f3b33,910c7e0
cceb1cf,d35b73b
57ad21b,d35b73b
41ae4c5,d35b73b
c00f7f4,d35b73b
2053c86,d35b73b
5a2b3ab,d35b73b
f0a198b,d35b73b
7461636,d35b73b
4a6a4a7,d35b73b
b8f3b33,d35b73b
a904479,d35b73b
c651f60,d35b73b
88432ee,d35b73b
f5c4b83,d35b73b
3982d29,d35b73b
0d0ef90,d35b73b
cd8f1c8,3a10ee5
b058ef1,3a10ee5
0359cdc,ebb3973
251e02e,e713622
e07ad36,e713622
44bedc0,e713622
1743c14,e713622
f3a54b7,e713622
1d879c8,e713622
2724d16,42cccff
64c0e25,e9a5561
6df955b,e9a5561
416fa8d,e9a5561
6c3c739,e9a5561
6fe1892,e9a5561
c39502d,c9cc3b0
e5f4709,c9cc3b0
b5d918c,c9cc3b0
72b33c5,7d9082d
acd2909,3ab01f4
b8f3b33,3ab01f4
dd91b66,3ab01f4
2f0427f,16be116
afbf410,16be116
77888da,16be116
ede8402,16be116
d26cc65,16be116
26b38de,16be116
e8bd860,16be116
2cf04ac,16be116
b8f3b33,16be116
9f9d930,16be116
83f5d22,16be116
62d6385,ac4eee7
8f4602e,40654c8
f4f7712,44e489b
8f4602e,4458fe9
22185e1,be4cf9d
2aa52ed,b4013a5
52ac9dd,b4013a5
9531c58,817b9a9
bad191a,817b9a9
af9be19,817b9a9
b8f3b33,817b9a9
0fce8d0,817b9a9
a4e5c7d,817b9a9
00b6bce,671d91d
227e01f,42b60d0
b8f3b33,42b60d0
7b381c5,42b60d0
b38e444,42b60d0
00b6bce,42b60d0
2afc4f1,42b60d0
279db83,42b60d0
8f4602e,42b60d0
a7ffc04,42b60d0
5281381,42b60d0
9488788,42b60d0
3f0e253,0276b57
42b60d0,0f6e15a
152155d,978cccb
6e08a6d,978cccb
e510492,978cccb
b8f3b33,978cccb
7b381c5,978cccb
6b628b2,978cccb
3194ed5,978cccb
62d6385,bc01fa0
8f4602e,7b47644
604e627,7b47644
7b35adb,7b47644
fa40749,7b47644
aedbe2c,7b47644
f024406,7b47644
00b6bce,60f10e0
b8865e9,a59aa93
d510ffd,a59aa93
de976de,a59aa93
6269175,5e759b8
d0f6abf,7e52a31
7e051a5,7e52a31
428a806,7e52a31
791b30f,7e52a31
77d02f3,7e52a31
b44fc61,7e52a31
64f8ed0,7e52a31
0359cdc,7e52a31
b867ca4,7e52a31
53abb70,7e52a31
cece6b6,7e52a31
597dd93,7e52a31
4158333,7e52a31
b8f3b33,7e52a31
19bc9ff,7e52a31
a7950df,7e52a31
b19047f,7e52a31
d47c3a4,7e52a31
b071197,2569d98
6b4a766,2569d98
2d4d005,2569d98
54971b8,2569d98
408604c,2569d98
acfdf58,2569d98
9488788,2569d98
2844dd2,2569d98
42b60d0,331c42f
4bf80c6,331c42f
9488788,331c42f
090e73b,b5197ec
3b8f1d3,b5197ec
b8f3b33,b5197ec
09411fe,b5197ec
88503f1,b5197ec
acd2909,b5197ec
f368b17,fc54664
424d1f0,09e4b63
1ad293c,063f435
ce0a34d,063f435
77888da,063f435
88503f1,063f435
bec88ed,063f435
333f8f6,063f435
a59bc79,063f435
b8f3b33,063f435
d9ade08,063f435
5fc77a1,063f435
ec46e27,063f435
ee9b561,a3979e9
64f8ed0,8766ae5
c824f56,560262c
c7c2b38,560262c
50b05c6,b1d53ef
87645ea,b1d53ef
da98322,4cb8706
99f7e3b,4cb8706
4a6f424,4cb8706
b8f3b33,4cb8706
a810448,4cb8706
dba71c0,4cb8706
7461636,3bbe796
b502a74,bd1df12
131b104,bd1df12
02791b5,bd1df12
f76e715,a43c37d
f8c9579,a43c37d
49c19ed,a43c37d
fac2223,a43c37d
b8f3b33,a43c37d
7ae1e8f,a43c37d
c0377c0,792e69b
693b1cb,db4039d
88432ee,3ffa373
d03dbcc,3ffa373
32163f0,7a36722
ec7dc92,7a36722
b8f3b33,7a36722
7c37b60,7a36722
7c37b60,52e800c
a3fd43d,d93a595
50b05c6,d93a595
f413f13,d93a595
8dd08a3,8275ab3
a3f3457,45c2f15
b812839,45c2f15
72b3465,45c2f15
b8f3b33,45c2f15
058a01b,d0ca74c
18c9170,804825c
b8f3b33,804825c
60ae86d,9bb9033
47b2a0d,9bb9033
539a14d,9bb9033
a308364,9bb9033
fbb4c35,9bb9033
ec0d61a,9bb9033
aa8ee59,9bb9033
a64002a,9bb9033
222e287,9bb9033
44f513f,9bb9033
d3f4954,9bb9033
b8f3b33,9bb9033
170a23b,9bb9033
02be609,9bb9033
221b799,9bb9033
d47c3a4,9bb9033
ef04733,9bb9033
221b799,8a48322
3b0ec78,923e790
69c4ba2,2fade7b
9e7c21a,2fade7b
b8f3b33,66bd07a
5dbc3ba,66bd07a
7c37b60,66bd07a
32b462d,d843e02
5ee0d4d,d843e02
fd6bd73,d843e02
adb63fc,d843e02
f3a54b7,d843e02
a66dc02,099405c
16ffcc7,6715c40
b8f3b33,6715c40
2cdeadd,9bb692e
8dd08a3,6d45f4b
aacd56a,9ab7c1e
506ab0e,38d77f0
e8fb539,95c52bb
d2542d2,8d912c1
4d9695e,680d6ac
bfd0c1d,5740155
b8f3b33,b73d93b
1818021,573a341
6639b76,18d32e4
62d6385,18d32e4
8dd08a3,1097615
81c6c04,16f58f8
8df3dc4,16f58f8
81c6c04,3bec5c4
55eb596,3bec5c4
280156d,13f10d4
81834e3,13f10d4
dbf7380,13f10d4
aefc070,13f10d4
54b767c,7d428f4
9bb692e,7d428f4
f4f7712,7d428f4
4587d8f,7d428f4
727e128,7d428f4
132fbf4,7d428f4
6f3830c,7d428f4
44e489b,7d428f4
92f84b2,7d428f4
db0b32b,7d428f4
bf3e783,7d428f4
add4064,7d428f4
2cb5719,7d428f4
6d0eb76,7d428f4
f2ff468,7d428f4
e11358c,7d428f4
93c142e,7d428f4
bcb522d,7d428f4
61b0a19,7d428f4
7e275b9,7d428f4
07f6e2f,7d428f4
1eb5ac3,7d428f4
e1887d7,7d428f4
8f4602e,7d428f4
f65b6da,7d428f4
c15e2cf,a229e1a
f377419,a229e1a
b8f3b33,a229e1a
8dd08a3,3b1b1ed
6639b76,42d83a6
b8f3b33,de19086
ce931ba,28a457d
6d45f4b,28a457d
f9fa233,28a457d
ec7ded3,5d03eaf
2502f85,5d03eaf
8dd08a3,78ecd82
9e07841,5800357
d18894c,8beb85d
59ae394,8beb85d
0359cdc,2f02926
a1b2951,4a97c92
30e971a,4a97c92
4273e5b,e40d5b1
e719fab,e40d5b1
e92c268,e40d5b1
5c91dea,e40d5b1
7461636,e40d5b1
10ba0e6,e40d5b1
00b6bce,6822bbb
81c6c04,27e1b14
a1c7e2d,27e1b14
8df3dc4,27e1b14
7b129e4,27e1b14
1ee433e,5b68bec
76635c6,59edad2
4d29b06,59edad2
0fcb761,e18a50c
b8f3b33,e18a50c
c41a950,e18a50c
0359cdc,e18a50c
ddb1c6c,e18a50c
9f9d930,7701ff1
e407ae6,f642208
50faf5e,af4d3dd
8f4602e,61a1270
071c00b,31d0614
4cd388a,31d0614
bec88ed,2b3dba6
b8f3b33,2b3dba6
4ad726d,5007db8
d941052,5007db8
1cc180d,5007db8
7ef8f91,5007db8
c871c4d,3b44889
b8f3b33,3b44889
b4013a5,3b44889
09bd237,3b2f1df
3ef7d77,be49ac1
443ef2b,18b6b7a
947f384,18b6b7a
f4f7712,18b6b7a
f2ed206,18b6b7a
f6feac5,18b6b7a
c0d5379,18b6b7a
6b1b8ef,18b6b7a
93c142e,18b6b7a
d81bad4,18b6b7a
61b0a19,18b6b7a
38d6f2f,18b6b7a
2f0427f,34e27a9
b8f3b33,e61f294
2724d16,e61f294
93c142e,9d3804c
18b6b7a,9d3804c
43187c3,9d3804c
da923e0,9d3804c
8f4602e,9d3804c
e041eea,ae64ea4
61b0a19,ae64ea4
f4f7712,ae64ea4
f024406,ae64ea4
54b767c,ae64ea4
a1b2951,09634cd
8172aa9,90fb436
816e9c8,70e4ecd
f8bf267,c952fd1
586cfe4,653565b
185ca4c,653565b
c6a9617,653565b
af68bc3,c617a9e
140120b,c617a9e
65b57d1,df49999
450f969,c247820
7d428f4,c247820
7ca2345,c247820
1eb5ac3,c247820
bf3281e,2758b2b
8275ab3,2758b2b
8dd08a3,2758b2b
26e8460,f267782
21e80cb,dc25aee
0e19bc3,8ea813a
9bd12d1,8ea813a
1f09a5d,8ea813a
41aefd1,8ea813a
8451b8c,8ea813a
a03ae11,8ea813a
6d74fcd,8ea813a
d3e88ed,8ea813a
9768efc,8ea813a
9f1c640,8ea813a
b8f3b33,8ea813a
20fed52,8ea813a
975b604,8ea813a
b923059,8ea813a
44ce218,2e0f475
04297f7,09177f3
04297f7,c8640a8
04297f7,17693e3
04297f7,b441123
04297f7,573cde6
04297f7,011cbba
04297f7,1334962
04297f7,6423417
04297f7,2bb35db
04297f7,5633be4
a716d63,5633be4
04297f7,b37e141
04297f7,e957b62
1334962,5fe2eb2
c047bff,1b01dbc
17693e3,8a880af
96f2ab7,7b9ee34
04297f7,5b00f18
04297f7,89996d1
e5f4709,e12da02
b252783,e12da02
c39502d,e12da02
f13d41c,e12da02
bba8085,e12da02
b5d918c,e12da02
773c97d,e12da02
b8f3b33,e12da02
0d31ffc,e12da02
c285a20,e12da02
cceb1cf,e12da02
36396d5,e12da02
b7195cd,e12da02
c9cc3b0,e12da02
18bfa5d,e12da02
6b628b2,e12da02
5fbac38,e12da02
a21afce,e12da02
b51eca5,e12da02
ee6e987,e12da02
119b976,e12da02
221b799,e12da02
b8f3b33,071e0dc
