inducing_commit,fixing_commit
0b949aa,2270580
33107ab,2270580
951046e,2270580
9f2aca5,2270580
bec2a07,2270580
ce27573,2270580
d12e641,2270580
b8de470,2270580
6bd8d6e,2270580
4f46532,2270580
f152ff3,2270580
f4fc408,2270580
e79b77b,c5a945f
4ca5683,c5a945f
022ed20,c5a945f
5cc29f6,c5a945f
f9c551b,f8269f1
1f992c5,2bdf958
10c4102,4fbcfde
ae16bb7,beee9e6
4885298,4c30847
a18fbb4,4c30847
6667e4c,53b4dec
60ed850,87c7057
1f7eed8,94f6a31
ca91f8c,58cee40
fd507cf,fa21d1f
e590156,fa21d1f
adbdf5d,fa21d1f
ae16bb7,fa21d1f
beee9e6,fa21d1f
d72589d,fa21d1f
8b01a00,fa21d1f
764d1e9,fa21d1f
9490ce8,fa21d1f
584cbc7,fa21d1f
38c1cab,fa21d1f
9ded403,0f723fa
222693b,0f723fa
216965a,0f723fa
1620dd5,0f723fa
293d45a,0f723fa
b7cfa6d,0f723fa
80080d4,0f723fa
17243cc,f3ddbff
b16a773,05a7fe8
c8ec943,05a7fe8
683a5f1,05a7fe8
92893d1,96cf0f7
aea9fac,96cf0f7
6a44607,96cf0f7
788da5f,11d374e
5c39c18,11d374e
49ac807,11d374e
321c9dc,0a562a9
a8d4fe6,0a562a9
5337488,0a562a9
3e3008a,0a562a9
8af1905,6b62a56
4885298,7ffe10a
d0fd746,7ffe10a
270394a,7ffe10a
224d0e2,f984f97
fa9eca5,f984f97
7c231e5,dfb50d1
495b7c4,b1de9ab
bce3180,3f4cb68
d917124,a0c1be1
244252d,ec0ed53
df3ce61,ec0ed53
d12e641,ec0ed53
2e26643,ec0ed53
d328f5e,c0eecc6
8c59db7,8701272
f9121ee,8701272
218ad5f,8701272
2cd5cfa,8701272
5f93102,8701272
b404a28,8701272
e8a8371,8701272
2ecc6fa,8701272
68f6b98,8701272
b577351,8701272
0e1127c,8701272
891ef62,8701272
314a73f,8701272
96399be,8701272
32b8cce,8701272
6ecbe24,8701272
8de96ca,8701272
e910d51,8701272
eed1106,8701272
28b68ab,8701272
8c8d8c5,8701272
55adbd0,8701272
bec2a07,8701272
7ee8e30,8701272
5fbf26c,8701272
2ba5566,8701272
b0bde55,8701272
6bd8d6e,8701272
0b949aa,8701272
f6db083,1cd54ce
9489d9f,c03d0db
87def42,c03d0db
c6d10f6,a848fa4
6154080,a848fa4
bd79701,2b98051
409b091,2b98051
1aca5cf,2b98051
bd578f4,2b98051
da10e54,2b98051
be53ecf,4e2a4f9
23e6135,0621db7
5cc29f6,818ddcf
5db1067,818ddcf
38c2a2a,818ddcf
6440b64,818ddcf
9ded403,931a037
8f413c1,931a037
216965a,931a037
293d45a,931a037
b7cfa6d,931a037
80080d4,931a037
495b7c4,931a037
3b41e25,91ae25f
1e83077,303b70f
fa21d1f,303b70f
758b225,93f679b
5db1067,93f679b
38c2a2a,93f679b
6bd8d6e,f056536
503663e,f056536
5fa2b3c,f056536
f61c1bc,28d39b0
23a03fc,28d39b0
7f4859f,fdc9032
00ec1c4,fdc9032
b7443f2,fdc9032
608424c,fdc9032
f2eb856,fdc9032
ee7a81d,fdc9032
fddadc9,fdc9032
da10e54,10298f8
c647455,541157c
9dd88b2,541157c
1f2eea2,541157c
ab9f917,8e7167b
620b882,6c0ec57
2ae23a6,048afe4
c4266e9,004045b
052d19e,6398d34
bddaffe,6398d34
7585dbd,7e0d189
837f7ef,0883e72
d76fda6,33d19ef
9c00060,33d19ef
686cb8f,33df219
0883e72,eb288bb
f463bd2,b08c07a
ddd4677,db261bb
e601be9,e19a2de
003b013,6b2e715
1f3caa5,6b2e715
c437e0d,6b2e715
b641968,6b2e715
9434671,6b2e715
12a8163,6b2e715
bce3180,6b2e715
d328f5e,6b47f81
3396e7c,02b3a7d
33107ab,02b3a7d
03d0b81,9922008
c657b5e,9922008
7a4e9ca,9922008
991d9d6,c012d33
bdd7cc0,f110a5f
6c315c3,f110a5f
f26efe5,8a86b82
bdf4456,8a86b82
abd5987,8a86b82
b7b1b04,8a86b82
6bd8d6e,c7dfaa5
4ca5683,c7dfaa5
7224556,c7dfaa5
8f65e70,5004c56
8b5e371,8fac17d
a37c2ec,cc9f4f7
e4041a1,72e471f
600b503,72e471f
951046e,72e471f
9f2aca5,72e471f
4f46532,72e471f
740ed5f,72e471f
ccb4460,43166e6
8c9b858,43166e6
674ef2e,43166e6
4ba1409,feb03ce
2c90503,feb03ce
a506341,67c71a8
709e8bb,67c71a8
1ecd522,67c71a8
50ab376,67c71a8
00727cc,67c71a8
24bb66e,67c71a8
1ef4d3e,67c71a8
559fe1a,67c71a8
598017b,67c71a8
d12e641,67c71a8
e523542,67c71a8
6c1ab50,80d45d8
c6c2328,80d45d8
1a12c40,d8ce03f
600b503,23dac94
740ed5f,23dac94
3a35c7d,23dac94
4101297,23dac94
4f46532,23dac94
05a1f53,4b119ee
6b4bd1e,a9831bd
689fca4,a9831bd
87bf01f,a9831bd
96e6561,e81aadf
278781d,e81aadf
c30a742,e81aadf
4ab1950,0768b9b
96399be,6ecb04c
314a73f,6ecb04c
b6ec4af,6ecb04c
07736d7,6ecb04c
0c253dc,6ecb04c
4053c68,6ecb04c
8711818,6ecb04c
8c59db7,6ecb04c
56d0ca9,b8a829b
b417973,c114217
acb441f,3d67036
6a44607,3d67036
39b1929,3d67036
44eb536,3d67036
87bf01f,3d67036
6bd8d6e,3d67036
bce3180,3d67036
60f4887,3d67036
b879b27,3d67036
28b68ab,3d67036
f9121ee,3d67036
6b4bd1e,3d67036
d42633d,3d67036
b5b3168,3d67036
b50848a,3d67036
5dbbf38,3d67036
068f734,3d67036
c32873b,3d67036
ca91f8c,3d67036
c2077d5,3d67036
7ded9a5,3d67036
05a1f53,3d67036
c4266e9,3d67036
9fe0f5b,3d67036
6d7c130,3d67036
2e62a65,3d67036
fd287b3,3d67036
0dd985b,3d67036
8bd72d6,3d67036
92893d1,3d67036
ecab5d3,3d67036
689fca4,3d67036
f923ab5,3d67036
96cf0f7,3d67036
6bc9693,3d67036
e2aa7c4,3d67036
21a88b9,3d67036
aea9fac,3d67036
92893d1,f6148a6
05a1f53,f6148a6
9fe0f5b,f6148a6
39b1929,f6148a6
73db478,f6148a6
e2aa7c4,f6148a6
6bc9693,f6148a6
6bd8d6e,f6148a6
bce3180,f6148a6
6667e4c,aa71851
6e71543,c31f5ae
b915874,c31f5ae
28b68ab,c31f5ae
f9121ee,c31f5ae
c5faebb,c31f5ae
d91fdce,c31f5ae
1df3081,c31f5ae
3b3a4cd,c31f5ae
6b11d7b,c31f5ae
c25de77,c31f5ae
35845f7,c31f5ae
f30f3d2,c31f5ae
55811ba,c31f5ae
4ca5683,c31f5ae
3a35c7d,c31f5ae
5ec7e1d,8983c83
ad8dd9a,ccfc216
3a35c7d,ccfc216
04d73d1,ccfc216
d95bfb6,393f2a2
059ad35,a898d14
8f413c1,a898d14
837f7ef,a898d14
c52b908,a898d14
9b60f27,a898d14
dd0e882,a898d14
021fdf2,a898d14
e7de779,a898d14
1f71acf,7eec24e
6c00c7d,7eec24e
c35619a,c8d28da
eca5133,c8d28da
da5a13f,c8d28da
3a35c7d,c8d28da
a4be70f,c8d28da
17997f2,c51d1ce
2e83cb6,b41196e
fb77359,df49dea
23f6c55,df49dea
21e8c10,df49dea
1f71acf,df49dea
3c1db41,a7b64a7
b263b1e,7ee236d
3f31dc8,7ee236d
38c1cab,7ee236d
224d0e2,7ee236d
3a35c7d,7ee236d
54b827f,7ecb89e
36accb0,7ecb89e
6bd8d6e,6e6aa30
f19ae9c,eb6d37b
278781d,eb6d37b
66676d2,53bcbf1
a05d1f1,71eb2ae
a33db54,71eb2ae
2ef8728,0777fa8
23a03fc,0777fa8
a799f17,3fe9c56
600b503,7512670
c19671d,a1853e2
62fa7c4,a1853e2
784f04c,a1853e2
ff0739c,a1853e2
8fac17d,c798cf3
278781d,c798cf3
86b741b,c798cf3
ddd4677,7d8e56b
5f78c07,7d0746c
278781d,b1f75a4
5cc29f6,b1f75a4
18aa085,b1f75a4
85f05e8,b1f75a4
8ec6497,13bc645
0f27678,13bc645
3ca199c,7e05b3d
b3ddeea,7e05b3d
ad1b099,7e05b3d
257dade,7e05b3d
bf94e2f,79d125c
8b5e371,730b669
c4266e9,730b669
39b1929,44564ad
ca91f8c,6e3fcad
7224556,165e9f5
f9a500c,e07e19c
0e1127c,e07e19c
278781d,e07e19c
3e3008a,da4edf3
c52b908,114d558
66676d2,114d558
a898d14,114d558
021fdf2,114d558
ec5e77a,b977b55
ccef0f8,b977b55
ad1b099,fd1af1a
8059369,b586ae4
021fdf2,083e036
8c9b19d,083e036
34dc512,595802a
818cb96,6a5d1fc
81197f5,9103590
24eb569,9244de5
8d8f877,370ae53
ea42c65,370ae53
d3f2f2b,ef41554
23e6135,ef41554
9cd1c82,ef41554
6bd8d6e,4ce923b
4ab1950,4ce923b
3f31dc8,ba073f3
6d7bf16,ba073f3
543344b,c5c2654
d84de6b,b31c3d7
e5f8b04,a92061f
5fa2b3c,a92061f
503663e,a92061f
8237734,a92061f
32495c7,a92061f
1e57e83,a92061f
b63d11b,a92061f
e0fef5c,1be216b
f5b5a8b,1be216b
a4d5d0d,1be216b
600b503,3523966
f9121ee,3523966
931a037,6c29cfd
931a037,3fb4745
6cbeee3,7589975
257dade,f2a9a0d
837f7ef,2ef2968
388c987,2ef2968
55811ba,f6af372
60f4887,f6af372
0b602ec,f6af372
636efd4,f6af372
72b9505,dfaca18
257dade,dfaca18
3d66f4e,dfaca18
0c253dc,dfaca18
bb34e52,1c24c78
7926423,1c24c78
e3b6d1f,74e4c0c
08e296e,635c23a
3b34932,635c23a
5f41947,6d9a069
d07b90c,6d9a069
278781d,6d9a069
b0507d4,c5ef1e6
8f413c1,005e538
e545bf4,005e538
2c90503,4c0b551
3abecbb,4c0b551
35a33fd,78f58cb
a4d5d0d,78f58cb
40b95b7,97bd6e2
bf94e2f,97bd6e2
35a33fd,e5e1758
674ef2e,e5e1758
b152a5f,7917d87
6bd8d6e,b13256b
48d010f,b13256b
36e5ac6,b13256b
33107ab,b13256b
fbb9886,b13256b
f9121ee,b13256b
257dade,bd8be1a
e2e194c,bd8be1a
e2688b6,926dbff
2aad5f9,926dbff
fa21d1f,926dbff
f66cab0,926dbff
ddece83,3ecb922
b36b67d,4071974
b1f75a4,b1d4f59
c0bda1b,29fface
fdf4bba,29fface
81b65c0,29fface
db48fbb,29fface
85f05e8,29fface
5cc29f6,29fface
9b60f27,9af46a2
a898d14,9af46a2
30b8b73,9af46a2
b47a31a,9af46a2
837f7ef,9af46a2
059ad35,9af46a2
388c987,9af46a2
8c9b19d,9af46a2
0883e72,9af46a2
c52b908,9af46a2
f76dfe4,9af46a2
257dade,9af46a2
bd578f4,9af46a2
818cb96,9af46a2
278781d,9af46a2
b10787b,9af46a2
021fdf2,9af46a2
bff90f2,9af46a2
03d0b81,9af46a2
4ac04f3,9af46a2
4a9153f,9af46a2
b10787b,f2078ba
66676d2,f2078ba
c58f8e6,f2078ba
704e249,f2078ba
257dade,5d443a1
a606cd9,62fd696
02307f7,62fd696
608424c,62fd696
80d371a,62fd696
e2d3dfc,62fd696
36d84a6,e85fe6c
0f27678,e85fe6c
450c0f1,d51fbdd
653aa05,59e489b
0110162,59e489b
8ec6497,59e489b
8443b8b,59e489b
0f27678,59e489b
47e1ca0,427c2d2
224d0e2,ee0fc90
2998653,ee0fc90
1c6ad90,ee0fc90
f04c145,ee0fc90
07b710c,ee0fc90
4ab1950,ee0fc90
ec2d68a,ee0fc90
9e9ac87,ee0fc90
12a8163,75a677f
9f05cd3,75a677f
b641968,75a677f
a51c373,75a677f
bf37341,77024a4
6bd8d6e,77024a4
4ab1950,77024a4
590936a,77024a4
b74b906,77024a4
da5a13f,77024a4
257dade,ac92e4e
3c231b4,44ecc12
a898d14,44ecc12
837f7ef,44ecc12
8c9b19d,44ecc12
f2078ba,44ecc12
9af46a2,44ecc12
eced5fe,44ecc12
9af46a2,0c2d03d
837f7ef,0c2d03d
8c9b19d,0c2d03d
07e9656,0c2d03d
898a00e,0c2d03d
8c9b19d,3cf51fd
9af46a2,3cf51fd
03216f2,a1003b0
ca96cda,a1003b0
f9c551b,0c7b42e
ea67f0d,0c7b42e
4c83562,869b123
2548425,869b123
257dade,869b123
6bd8d6e,658b738
233ae85,658b738
d8a41c8,6405019
dd6d777,a0c024f
456488a,a0c024f
268a544,dd33f4d
36d84a6,dd33f4d
83b7e75,dd33f4d
0f27678,dd33f4d
3e94ca9,f001fcb
2aad5f9,f001fcb
ca91f8c,6672d9d
ba2679a,d09eeab
991d9d6,8ea8f38
24eb569,f625d96
e79b77b,e52b987
73d66d2,e52b987
9ce9807,bddca28
9af46a2,e15b1d6
e142e5a,b6f25e8
b198322,b6f25e8
84b6f69,b6f25e8
4cd0b30,b6f25e8
c0b5350,b6f25e8
9931a12,8f488f0
d0fe011,8f488f0
2780746,8f488f0
614648d,8f488f0
f948bb9,28447bc
5460755,28447bc
f3399d5,28447bc
d61c416,02fce03
152be14,02fce03
9a7f8d2,02fce03
ad1b099,02fce03
18ed2ff,82545c7
8fab956,82545c7
4f46532,1a85008
ce27573,1a85008
10aeeab,3a896be
a5a1cf2,3a896be
293d45a,3a896be
44bbe5b,3a896be
99067d0,3a896be
a643eaf,3a896be
28b68ab,3a896be
3a35c7d,3a896be
f613801,3a896be
d12e641,3a896be
0c726c8,3a896be
38c1cab,3a896be
6653c42,3a896be
ffc9ced,3a896be
f24b934,3a896be
ef830de,549fc1f
8703d66,549fc1f
6c7ff01,549fc1f
29fface,4de2027
a0c024f,051ba12
f3e3462,6a02f44
e12c63a,991ce3f
dd84420,36b0588
6cd3b1f,36b0588
3a35c7d,36b0588
07e9656,36b0588
bec2a07,d6ec4cc
e12c63a,1f0bd8f
f58d396,1f0bd8f
a8b79fd,1f0bd8f
4071974,bcf84f5
f393972,bcf84f5
57f95d4,bcf84f5
e12c63a,bcf84f5
8195ed0,bcf84f5
f393972,6e72d89
5e4d3d0,6e72d89
b0078a5,6e72d89
bce9fe0,6e72d89
7bf4120,6e72d89
543344b,6e72d89
b36b67d,6e72d89
105b225,6e72d89
a8b485c,6e72d89
55a2554,0fdff18
fbb9886,0fdff18
88dcebf,d618e1f
81b65c0,7eff21c
fbb9886,08413ad
efd2db0,8aaa005
fbb0b6d,8aaa005
3f73a85,8aaa005
34dc512,8aaa005
3255fa8,8aaa005
07b710c,8aaa005
ad9c151,c4c9d25
ad9c151,a7cf25e
fdc9032,a7cf25e
b7443f2,a7cf25e
1f3caa5,727dc82
c4266e9,727dc82
b641968,727dc82
b3b1c6d,727dc82
12a8163,727dc82
6bd8d6e,727dc82
e70b911,727dc82
0c7b42e,f4bdfee
ea67f0d,f4bdfee
770b1dd,3587135
00d986b,1e599c6
7e01ed9,1e599c6
88b40e1,1e599c6
4a9153f,1e599c6
c78d3f8,1e599c6
b6ec4af,1e599c6
614648d,1e599c6
d0fe011,1e599c6
cf8ec43,1e599c6
77ebd33,1e599c6
476678d,1e599c6
6d54725,1e599c6
ee2779b,1e599c6
f40249f,1e599c6
e9c9b00,1e599c6
af9325e,1e599c6
0f27678,9ffa99a
ddd4677,9ffa99a
73d66d2,9ffa99a
59e489b,fd126ea
89847cd,f1e7b4b
225893c,f1e7b4b
0833007,f1e7b4b
d69a182,f1e7b4b
dac8f93,f1e7b4b
5021163,f1e7b4b
0d7515e,f1e7b4b
743a751,f1e7b4b
bb58f9a,e73a7f6
73d66d2,e73a7f6
6154080,e73a7f6
bce3180,b1eddca
a812b0a,b1eddca
ccea996,b1eddca
5e407c5,054d496
e601be9,60eb019
40ce7de,7b84ae3
2d15e8d,7b84ae3
b1186f0,7b84ae3
a799f17,10f8a11
7254e76,5f81fd8
a966277,aca4b34
a966277,2d183a5
f1e9c97,2d183a5
8703d66,d6cccd3
a966277,d6cccd3
88f6a10,d6cccd3
8c59db7,46c9407
f9121ee,46c9407
5e7aa5c,ba8ceda
67e2ff3,ba8ceda
722f630,ba8ceda
e580392,ba8ceda
3e3008a,f15a929
f3b55df,f15a929
fe2d7e6,046aaf2
dd6d777,433387b
051ba12,433387b
90a6d81,00c53ae
3af551b,771dd67
b10787b,8be0b63
818cb96,8be0b63
f2078ba,71c5e73
cdf787d,71c5e73
f5f32f1,6aff19d
4db248f,6aff19d
015ec69,6aff19d
5061e73,6aff19d
e75231b,f47e409
5061e73,f47e409
3ae40fb,3930d3e
c6d10f6,3930d3e
c30a742,3930d3e
96e6561,3930d3e
267fb74,3930d3e
f9de93c,3930d3e
434ef8d,3930d3e
1f52126,3930d3e
eb288bb,3930d3e
818cb96,3930d3e
b10787b,3930d3e
1266e53,3930d3e
66676d2,3930d3e
f2078ba,3930d3e
73d66d2,3930d3e
b31472d,44b6fcc
a840de1,44b6fcc
24bb66e,44b6fcc
8339c7f,44b6fcc
f83f5c6,1f06891
f61c1bc,1f06891
1c3f4b1,1f06891
e8e8e10,1f06891
6f61399,1f06891
36e5ac6,82372e0
f152ff3,82372e0
29435d2,759f977
f58d396,759f977
2d53fc8,759f977
79c6e83,3ade0b6
88c3b31,3ade0b6
539d2cd,3ade0b6
b0507d4,3ade0b6
eca527f,3ade0b6
782de65,3ade0b6
f1e7b4b,3ade0b6
8f4a676,3ade0b6
51200a0,3ade0b6
dbf40e8,3ade0b6
8d77941,3ade0b6
819d9a0,3ade0b6
4ac04f3,3ade0b6
984ad3c,3ade0b6
d66074d,3ade0b6
3ab1146,3ade0b6
4b2db7c,3ade0b6
4a9153f,3ade0b6
4101297,bd76a2f
02fce03,a4e5c13
3c66612,a4e5c13
536a84c,a4e5c13
24f9da2,a4e5c13
fffe72e,a4e5c13
152be14,a4e5c13
6ee5317,a4e5c13
3a28c02,a4e5c13
94dd480,a4e5c13
31c6b14,a4e5c13
b7e18b4,a4e5c13
92245fe,a4e5c13
95a74e9,a4e5c13
d0cb590,a4e5c13
2bf9f10,a4e5c13
d61c416,a4e5c13
3885afd,a4e5c13
9a7f8d2,a4e5c13
c8d4ba2,a4e5c13
e65fb2c,a4e5c13
7541413,a4e5c13
6154080,a4e5c13
f2d32ac,a4e5c13
879077f,a4e5c13
e9d8b22,a4e5c13
ca91f8c,a4e5c13
e074b29,a4e5c13
032ca22,a4e5c13
54057d7,a4e5c13
11f0a89,a4e5c13
6035bbf,e438a9b
f923ab5,e438a9b
abf8e1e,dda0514
0adae38,dda0514
2807b6e,afb4957
2ead66e,36786a3
9d42c87,6644eb5
f2078ba,b8e3f83
2c3c58b,b8e3f83
f66cab0,3d8e3a8
da882e1,0a67980
0c1efed,0a67980
81197f5,0a67980
c6c2328,0a67980
df6e16a,0a67980
e3dd337,0a67980
f3e4a47,0a67980
f9121ee,0a67980
9103590,0a67980
257dade,0a67980
44f87d3,0a67980
130315b,0a67980
7651d02,0a67980
7820c64,0a67980
bce3180,0a67980
ca91f8c,0a67980
43cb5f9,0a67980
c4a771c,0a67980
8701272,9e13d73
1a93e60,a7e2a93
c840aef,a7e2a93
257dade,a7e2a93
0d470a5,a7e2a93
c11c539,a7e2a93
d2e6dcf,d8b9184
f61c1bc,d814a03
fbb9886,d814a03
73d66d2,d814a03
4653e63,b16652b
79f24fd,e562954
a898d14,e562954
f9c551b,0d63880
ec5e77a,9b4b922
1ba5087,01a69e5
e146006,01a69e5
cafa34c,1d3ca73
789c3b0,313479b
818cb96,313479b
f76dfe4,313479b
c17d143,313479b
d886d50,313479b
117ecb1,313479b
a623bba,313479b
8d9358d,3cb22aa
ec5e77a,3cb22aa
a05d1f1,3cb22aa
bb58f9a,3cb22aa
73e22b9,3cb22aa
fc7cfff,3cb22aa
4653e63,3cb22aa
b5e606f,c4ab43e
eefa2ab,0ce2545
2c90503,0ce2545
2c0784d,695ce2e
24179ae,695ce2e
1ba5087,695ce2e
c840aef,695ce2e
a22c8c0,695ce2e
6bd8d6e,695ce2e
d3b91de,695ce2e
b8bdf21,ab5fb06
017c605,94da71c
7ded9a5,94da71c
da5a13f,94da71c
b211d1b,94da71c
bce3180,94da71c
9490ce8,94da71c
df0fa4d,abe9743
761f82a,b8a829b
c114217,246480e
d5836ac,71e473c
94dd480,5348fe6
991d9d6,5348fe6
c51d1ce,bc22c6a
c69730f,b6aa5cb
4edeb27,e0d63af
0fcac6a,59f1d67
9af46a2,d724131
86b59ef,d724131
7030e8d,d724131
b7a6120,d724131
813c248,d724131
3c66612,d724131
da924b6,d724131
6154080,d724131
4ca5683,3c46d45
02305cf,970247d
ef830de,970247d
28c35b8,ed9d69e
1c5081e,ed9d69e
50ab376,ed9d69e
f66cab0,ed9d69e
7f18b8f,6b265b5
c064976,6b265b5
9aa711c,6b265b5
94565cf,6b265b5
d589263,6b265b5
33b7e42,6b265b5
ad9edf5,b6f9a19
134d95a,b6f9a19
b941f2e,ae202f6
0a5cf98,47fda4e
2bbb068,47fda4e
04340a9,47fda4e
e0fef5c,491cd1e
a966277,f0c143b
c21b522,f0c143b
1e83077,58069d3
5f78c07,a9c576b
3a9aafd,7171341
eb4293a,7171341
c6c2328,1bae208
1f71acf,1bae208
e3b6d1f,1bae208
4eecbff,1bae208
ca91f8c,1bae208
ffea0a9,1bae208
f4fc408,2f46b6a
8355b21,705993f
e661544,2c7748a
fbb9886,2c7748a
0df2b1d,2c7748a
c1a8cd5,2c7748a
b977b55,601cdf6
cac0c1c,499deaa
6bd8d6e,130b931
b1c63b2,130b931
73d66d2,6cd0de1
bb58f9a,6cd0de1
4c69b55,6cd0de1
ec5e77a,817fd31
ad9edf5,817fd31
7511002,817fd31
bf94e2f,817fd31
bb58f9a,817fd31
6154080,817fd31
6747349,bbea1d8
eeda02e,bbea1d8
d93d7b0,1113e19
73d66d2,8ebe808
f1415bc,8ebe808
b5fcf10,c75a494
fdae4b3,cba0102
eb4293a,cba0102
5a4fe63,0cda41d
d67398e,76aa472
d93d7b0,38db83d
73d66d2,c62e477
6d7c130,c62e477
fc6a438,ab8c8e1
f630ef5,d4071f9
0a67980,d4071f9
c00d5a6,7f24568
450a402,3499194
48e5804,3499194
161579a,b0eca5e
499deaa,b0eca5e
da5a13f,b0eca5e
75b9942,b0eca5e
3be2b26,b0eca5e
cac0c1c,b0eca5e
a3e9c2a,329f6d3
73d66d2,329f6d3
82d3770,9ca903f
110fbc5,b38b450
a44e2ea,df121a6
f181fda,df121a6
a9cc5fd,df121a6
9ec33bd,df121a6
9490ce8,df121a6
97e0129,df121a6
4896e42,df121a6
5184f14,df121a6
b5397fd,df121a6
b5324fb,df121a6
8f413c1,df121a6
8de96ca,df121a6
f458059,df121a6
7fc0d42,df121a6
74f58bf,df121a6
80080d4,df121a6
193ff8a,df121a6
2a6e823,df121a6
8c59db7,df121a6
aaed8c2,df121a6
bce3180,df121a6
7d54561,df121a6
ca91f8c,df121a6
cfd119e,df121a6
fe4a5cb,df121a6
761f82a,df121a6
d814a03,2e0b8b7
b5fcf10,98f78e1
7171341,632c01d
28b68ab,11b928d
3f31dc8,11b928d
6c36c50,11b928d
0ffd561,11b928d
7d54561,11b928d
2c0784d,11b928d
c840aef,11b928d
c0b5350,11b928d
3c1db41,d1e9fb4
722f630,0591bc2
e24b8aa,dd92def
8aaa005,dd92def
cd67785,dd92def
07b710c,dd92def
c89a661,dd92def
5c440d2,dd92def
3255fa8,dd92def
7589975,127dbbc
7589975,a9f17b8
b36b67d,cc47289
c4266e9,b30e40b
736bd1b,b30e40b
9770fe0,a5ffa2e
9770fe0,ef2d463
4ab1950,ba12ac8
902b72e,919c882
e525cc22,a40f5fb
c6c2328,a40f5fb
c767541,49c8751
9770fe0,4c0ab96
08bdfe8,1394178
2077f67,1394178
510f6b0,1394178
b941f2e,91df263
d53f5e9,91df263
7fdc6df,91df263
8355b21,4a07176
4ca5683,4a07176
0a67980,f8e0dcd
73d66d2,c30acee
c8e9114,3e2cbab
c8e9114,b33d33d
67c71a8,b33d33d
8b613e7,b33d33d
88e48db,b33d33d
e523542,b33d33d
f181fda,b33d33d
b839a3e,b33d33d
d12e641,b33d33d
b150eb6,b33d33d
3e49b01,b33d33d
f1bfa32,b33d33d
758a6bc,b33d33d
a840de1,b33d33d
65fc137,3d77ed2
d4071f9,ca1c170
a18fbb4,90dcced
49f0cad,047941f
73d66d2,43b854e
8df1ef0,9969e4d
c767541,9969e4d
3ade0b6,1b30eea
88c3b31,1b30eea
5564190,1b30eea
3e3008a,1b30eea
9770fe0,1b30eea
ef2d463,1b30eea
984ad3c,1b30eea
2bde11d,1b30eea
9770fe0,11d0294
24808c7,7d05241
5184f14,2c468c2
42f31b4,2c468c2
b6056cd,2c468c2
32c6ef3,2c468c2
3be2b26,2c468c2
730b669,8016bd8
c84425e,35e9c97
f613801,35e9c97
5a38155,35e9c97
9ae5d99,35e9c97
3ae69e8,35e9c97
c84425e,508bb0d
69eba07,a26365c
32d173d,a26365c
990243c,0b52075
1e57e83,0b52075
4a9153f,17c956a
d724131,969aeca
9a7f8d2,92663df
c72633e,4fd2002
3ef7484,ff41336
d2e6dcf,ff41336
35bcdc1,ff41336
cc3fb0c,ff41336
296f7ce,ff41336
f9775c2,ff41336
bd8601a,ff41336
3f31dc8,ff41336
6fd0ddc,ff41336
f3e4a47,ff41336
fd52619,ff41336
fc6592d,ff41336
a4e51d3,ff41336
1e7d5dd,ff41336
9caa9ff,f67b864
902b72e,f67b864
73d66d2,f8f45e9
d886d50,f8f45e9
73d66d2,9cde786
4dd9da7,9cde786
3bb2c14,9cde786
7b8097a,9cde786
c52b908,436200f
2c4faa1,6a87b53
7aff35c,b0b920b
c78b5d0,6424390
9ae5d99,6424390
28b68ab,bd52e7b
f58d396,bd52e7b
a838798,bd52e7b
f04102f,bd52e7b
510f6b0,bd52e7b
1394178,bd52e7b
5184f14,bd52e7b
c2dba68,bd52e7b
2c468c2,bd52e7b
3a35c7d,bd52e7b
3be2b26,bd52e7b
073153d,bd52e7b
0aa2b25,bd52e7b
fbb9886,2f588f5
f1e7b4b,84b4cc0
d93d7b0,3a912be
5a38155,3a912be
d70354a,5a6247d
792a2f1,b0d9f8a
bdf4456,5aae1b3
e598dc8,5aae1b3
0e65079,5aae1b3
fe83a93,5aae1b3
51c4c22,5aae1b3
049d4a2,5aae1b3
8947bdb,5aae1b3
87def42,5aae1b3
5cc29f6,5aae1b3
ff38a61,5aae1b3
b7258ab,5aae1b3
0b31d6f,5aae1b3
523a67f,5aae1b3
1a93e60,5aae1b3
ba5b2b8,5aae1b3
68323a9,5aae1b3
8f65e70,5aae1b3
72be7d7,5aae1b3
6c26371,5aae1b3
ba37bf7,5aae1b3
b641968,5aae1b3
c437e0d,5aae1b3
a192c1f,5aae1b3
d94746b,5aae1b3
1b25a5a,5aae1b3
ded305a,5aae1b3
9361281,5aae1b3
ede07a7,8f54029
55dcf2d,8f54029
6e72d89,3ef6daa
6cb11c4,3ef6daa
bf94e2f,036a9cd
3e3008a,9770fe0
7589975,9f471a7
c064976,38cd07c
2d446f3,38cd07c
d5836ac,38cd07c
167630e,38cd07c
ef830de,ee4aa01
90a6d81,52504ea
430b025,0b7abed
6ee5317,ce81059
117d2ff,06a078f
cafa34c,17d4b34
fd507cf,c851716
38c1cab,c851716
44bbe5b,c851716
dfa1546,6000b81
73d66d2,ab38cf7
26067ee,998309c
2366612,998309c
7589975,bb2695a
9b1f689,bb2695a
b36b67d,74fb3d8
d796e53,8a8bbe2
40e2981,5084636
47fda4e,43698b4
4369f64,5f20b99
c647455,5f20b99
1f2eea2,5f20b99
e525cc22,5f20b99
2f35469,5f20b99
b5b3168,5f20b99
a4d8a1d,5f20b99
55969a2,5f20b99
3fb7be5,5f20b99
1c5081e,5f20b99
3f78457,5f20b99
18681d7,5f20b99
2bf7351,5f20b99
c6d570f,5f20b99
b10787b,5f20b99
1266e53,5f20b99
66676d2,5f20b99
818cb96,5f20b99
f76dfe4,5f20b99
abf3432,5f20b99
31deeb9,5f20b99
ef830de,5f20b99
c4266e9,5f20b99
8b0f5b8,5f20b99
4101297,5f20b99
c5faebb,5f20b99
dbf8062,5f20b99
1e83077,5f20b99
8daa46c,5f20b99
c7ec7ad,5f20b99
6b7e33e,5f20b99
7ee236d,5f20b99
2548425,5f20b99
e6e450d,5f20b99
21ac4b4,5f20b99
1ba5087,5f20b99
b61e78e,5f20b99
f7c9d08,5f20b99
4896e42,5f20b99
b58278c,5f20b99
a606cd9,5f20b99
519b97d,5f20b99
6c26371,5f20b99
a1a910e,5f20b99
d724131,5f20b99
370ae53,5f20b99
59e489b,5f20b99
46ff223,5f20b99
b641968,5f20b99
a51c373,5f20b99
242af53,5f20b99
d93d7b0,5f20b99
1cbab00,5f20b99
2ca7dca,5f20b99
aa102f4,5f20b99
c6c2328,5f20b99
8dd4e0b,5f20b99
ab0aa53,5f20b99
9a7f8d2,5f20b99
6154080,5f20b99
7589975,5f20b99
90a6d81,5f20b99
0f27678,43e1190
ff6ef3c,43e1190
6b2378c,edaa68e
03216f2,737d043
7eb22e8,737d043
8239fda,171a1f3
f9c551b,314d4d7
5a38155,82642e3
38db83d,6f56a47
3f4cb68,1d63aed
1ba5087,1d63aed
9ec33bd,1d63aed
f67b864,1d63aed
42f31b4,1d63aed
bce3180,1d63aed
761f82a,1d63aed
fbb9886,394f665
bba4624,28c651a
8557fcb,c4cc9c4
2425699,c4cc9c4
9d22782,291e7b0
bc19df1,ea4b41e
f1bc629,379895a
a98a492,379895a
735f3fc,fe829a9
7d1ecbc,84abb27
1b72f9a,abec7e4
c31f5ae,abec7e4
3e3008a,abec7e4
c6c2328,abec7e4
e67a40f,abec7e4
efb4de4,abec7e4
61320f3,abec7e4
35845f7,abec7e4
8e7167b,abec7e4
aaf629b,abec7e4
f62d563,abec7e4
10c4102,abec7e4
29cf33f,abec7e4
2a291dc,abec7e4
88251d5,abec7e4
1dfa5ca,abec7e4
94dd480,abec7e4
ff41336,abec7e4
f0e86c7,abec7e4
b0fcc6e,abec7e4
078e8aa,abec7e4
766f151,abec7e4
f40b513,abec7e4
f30f3d2,abec7e4
ca91f8c,abec7e4
296f7ce,abec7e4
7435b27,abec7e4
de5ed88,abec7e4
c4266e9,abec7e4
e47b4d5,abec7e4
2f6f27f,abec7e4
d5836ac,abec7e4
cc3fb0c,abec7e4
f58d396,abec7e4
2737393,abec7e4
82ee6de,abec7e4
80080d4,abec7e4
561a6d3,abec7e4
b73a6c6,abec7e4
37e1a98,abec7e4
17243cc,abec7e4
3a35c7d,abec7e4
96404f8,abec7e4
c2077d5,abec7e4
480e64c,abec7e4
655ad8f,abec7e4
284e790,5f0f831
a1ead42,5f0f831
3bb2c14,5f0f831
30ed25c,c28ec7d
f62d563,c28ec7d
77959a2,50c1cfa
006796a,50c1cfa
8c1e2b5,50c1cfa
d12e641,50c1cfa
a51c373,50c1cfa
c8c751a,50c1cfa
647cd12,50c1cfa
e70b911,50c1cfa
bce3180,50c1cfa
46ff223,50c1cfa
150b0c8,50c1cfa
487186a,50c1cfa
257dade,50c1cfa
f112249,50c1cfa
766f151,246b809
6e99aad,246b809
2be193a,246b809
3477cc5,246b809
ffea0a9,246b809
c6c2328,c5d14d9
ffea0a9,c5d14d9
fbb9886,ea33301
c1a8cd5,ea33301
2c7748a,ea33301
4abb17d,ea33301
b6f25e8,ea33301
edb0dd9,ea33301
66838f3,ea33301
7c28762,ea33301
6405019,ea33301
163e6b9,ea33301
d8a41c8,ea33301
29866fc,ea33301
a920aa9,ea33301
2c04265,ea33301
49727a3,ea33301
86ffd42,ea33301
a966277,ea33301
e661544,ea33301
9f1bf35,ea33301
4662a4c,ea33301
ef830de,ea33301
ce0b8ac,ea33301
5c23d3d,ea33301
4db83aa,ea33301
00829ad,ea33301
aec61d5,ea33301
b7858a9,ea33301
a22e945,ea33301
df7e805,ea33301
6cb11c4,ea33301
32f3236,ea33301
cf0368c,ea33301
3bfca06,ea33301
4d402cc,ea33301
ac27a40,ea33301
e02f2e0,ea33301
2e539cd,ea33301
bbcec85,ea33301
de5e98e,ea33301
861a449,ea33301
5e407c5,ea33301
31e1bc0,ea33301
3af551b,ea33301
575148a,ea33301
427c2d2,ea33301
b941f2e,ea33301
a10f2fd,ea33301
35e9c97,ea33301
cafa34c,ea33301
9ae5d99,ea33301
2ef9a20,ea33301
28ca062,ea33301
5e75527,ea33301
e3707fd,ea33301
b10fa11,ea33301
36e5ac6,ea33301
1a0a6dc,ea33301
a7d38cf,ea33301
1bae208,ea33301
69d9682,ea33301
1764b5f,ea33301
f179a42,ea33301
f027ced,ea33301
d5103ff,ea33301
b5fcf10,ea33301
76a6b5c,ea33301
c51cce5,ea33301
99deca2,ea33301
4cf9ef0,ea33301
6b2e715,ea33301
9deb19d,ea33301
45485bd,ea33301
d93d7b0,ea33301
5a38155,ea33301
0205463,ea33301
450b3ce,ea33301
a5da600,ea33301
dd92def,ea33301
ec53cbb,ea33301
68db901,ea33301
dd6d777,ea33301
433387b,ea33301
1d9f059,ea33301
a87dab0,ea33301
fd0bdb2,ea33301
5061e73,3d3f26d
7d868d2,e7af303
5a38155,e7af303
35e9c97,e7af303
b1eddca,8d4736c
abf3432,6b7bc9e
4bcc447,6b7bc9e
95a79b9,6b7bc9e
a966277,6b7bc9e
7498cc0,6b7bc9e
02e939c,6b7bc9e
ef830de,6b7bc9e
f21a51d,6b7bc9e
da5a13f,6b7bc9e
43de00c,6b7bc9e
5cc29f6,6b7bc9e
a90e786,6b7bc9e
1e2673a,6b7bc9e
9b3933e,6b7bc9e
bf94e2f,6b7bc9e
b8244ea,6b7bc9e
2e0b8b7,6b7bc9e
0110162,6b7bc9e
2836fb9,6b7bc9e
1ddab2c,6b7bc9e
494e5af,6b7bc9e
8701272,6b7bc9e
f292dab,6b7bc9e
0aa2b25,6b7bc9e
b155e56,6b7bc9e
84ba746,6b7bc9e
0b602ec,6b7bc9e
d724131,6b7bc9e
8abcb93,6b7bc9e
8b5e371,6b7bc9e
f61c1bc,6b7bc9e
7926423,6b7bc9e
d1895cd,6b7bc9e
ced7274,6b7bc9e
bee14ad,6b7bc9e
a40f5fb,6b7bc9e
0a5cf98,6b7bc9e
60f4887,6b7bc9e
3e94ca9,6b7bc9e
05c37b4,6b7bc9e
b6caf51,6b7bc9e
8b1e44f,6b7bc9e
08c47d7,6b7bc9e
021fdf2,6b7bc9e
c52b908,6b7bc9e
93af3c5,6b7bc9e
a92bca0,6b7bc9e
31deeb9,6b7bc9e
20b9f66,6b7bc9e
e98761f,6b7bc9e
08bfc05,6b7bc9e
35e9c97,6b7bc9e
ede2107,6b7bc9e
63ec7ba,6b7bc9e
88c9b25,6b7bc9e
880c151,6b7bc9e
8f788f7,6b7bc9e
9d09e6b,6b7bc9e
23f9a40,6b7bc9e
86334b7,6b7bc9e
18ed2ff,6b7bc9e
24808c7,6b7bc9e
f9c551b,6b7bc9e
2bf7351,6b7bc9e
84b6f69,6b7bc9e
18281b2,6b7bc9e
f83f5c6,6b7bc9e
3029b34,6b7bc9e
9c8768b,6b7bc9e
9922008,6b7bc9e
5695697,6b7bc9e
291e7b0,6b7bc9e
48e5804,6b7bc9e
d5bfb56,6b7bc9e
ce0b8ac,6b7bc9e
3510e9c,6b7bc9e
03e5b39,6b7bc9e
6b2378c,6b7bc9e
ca5799f,6b7bc9e
93092c4,6b7bc9e
6d79f27,6b7bc9e
88e1208,6b7bc9e
bb58f9a,6b7bc9e
deb89a8,6b7bc9e
3bfcba1,6b7bc9e
a4bf996,6b7bc9e
13b07b3,6b7bc9e
0f27678,6b7bc9e
927fb18,6b7bc9e
3a0e49f,6b7bc9e
8dc6be2,6b7bc9e
b456160,6b7bc9e
6295a44,6b7bc9e
e501c7d,6b7bc9e
590844e,6b7bc9e
3c1db41,6b7bc9e
8a183a4,6b7bc9e
dac8f93,6b7bc9e
adf4a31,6b7bc9e
ca91f8c,6b7bc9e
1f7eed8,6b7bc9e
149ce34,6b7bc9e
f463bd2,6b7bc9e
7eeeccc,6b7bc9e
691dfe8,6b7bc9e
6154080,6b7bc9e
9f40c08,6b7bc9e
ffea0a9,6b7bc9e
9dfd031,6b7bc9e
bfc76ea,6b7bc9e
5a6247d,6b7bc9e
818cb96,6b7bc9e
4d34b03,6b7bc9e
d42faee,6b7bc9e
7229e59,6b7bc9e
437d53c,6b7bc9e
c75a494,6b7bc9e
2c3c58b,6b7bc9e
bd97537,6b7bc9e
b87844c,6b7bc9e
e1f227a,6b7bc9e
eaffd9d,6b7bc9e
ae0dd4d,6b7bc9e
00988f5,6b7bc9e
17c03de,6b7bc9e
891ef35,6b7bc9e
6c26371,6b7bc9e
2e6482b,6b7bc9e
24fe82e,6b7bc9e
549fc1f,6b7bc9e
5e049f6,6b7bc9e
6820b64,6b7bc9e
64f7d86,6b7bc9e
a12cf63,6b7bc9e
40e2981,0461296
e995f38,6e19230
2077f67,91daac5
3d66f4e,91daac5
161579a,e8a0f1f
430b025,a6aa4e6
4b3719f,b8c3556
964bac4,a8bcf75
0b602ec,a8bcf75
a966277,bfa0ded
5f7fbe8,e46fd21
329f6d3,9bd7533
670a91a,9bd7533
b33d33d,9bd7533
ef830de,0282d8f
c341e86,0282d8f
ea33301,0282d8f
da5f3bf,ca86f16
9cd9731,ca86f16
752d64f,ca86f16
dee95e3,ca86f16
8d48bc6,ca86f16
9770fe0,e505c28
cae9275,e505c28
a5ffa2e,e505c28
4ab1950,a17032a
77024a4,a17032a
d4071f9,171220c
8d20a46,0963d16
94dd480,0963d16
52831c9,f844348
ca91f8c,6ea9dc1
f3e3462,6ea9dc1
eb08ea9,6ea9dc1
d6b9d9c,6ea9dc1
fbb9886,db63447
b941f2e,ecac58c
8f4af96,58a2039
bd2954a,58a2039
7f4859f,ef4c94d
f21a51d,ef4c94d
dd92def,ef4c94d
dee95e3,ef4c94d
902b72e,169beca
dcf31da,51ce8fa
edaa68e,51ce8fa
193919c,51ce8fa
a05d1f1,362376d
8d48bc6,362376d
ec5e77a,362376d
dee95e3,362376d
98f306f,1a22123
6e219ff,1a22123
63664a8,1a22123
2e5b53f,1a22123
7511002,1a22123
1fe6b17,1a22123
759f977,a9c761d
a5da600,6a6bf38
2ef9a20,6a6bf38
ea33301,6a6bf38
3b3a4cd,09d19ba
adf6160,09d19ba
96cf0f7,7bc745a
f62d563,7bc745a
dee95e3,d79bed6
25f451b,d79bed6
fd507cf,234c1d9
541157c,234c1d9
ba5b2b8,234c1d9
0e65079,234c1d9
ded399d,234c1d9
99067d0,234c1d9
8dc6be2,234c1d9
f2d99c2,234c1d9
6cd4baf,234c1d9
b63d11b,234c1d9
9ae5d99,234c1d9
58d96d5,834d0d1
225893c,6b93114
a920aa9,f5fb02e
0a67980,f5fb02e
3fb7be5,9b8fa07
dae6ce9,72e13d5
73d66d2,72e13d5
818cb96,9d3c394
724483e,9d3c394
4afd11b,9d3c394
021fdf2,9d3c394
c52b908,9d3c394
114d558,9d3c394
ec877a5,39734fd
7bc745a,d3f98c2
9e66320,bea36bb
4004834,bea36bb
cafa34c,bea36bb
f5b5a8b,6e5a688
e0fef5c,6e5a688
b61c807,6e88f92
17f0831,6e88f92
f9c551b,6e88f92
267fb74,a6b49f9
2e5b53f,34fdc2f
0b6d093,34fdc2f
bf94e2f,34fdc2f
38f4bc6,34fdc2f
2907030,f98f495
2907030,7f51882
eb08ea9,47a3b51
d91a1b5,43844a7
86334b7,43844a7
032ca22,43844a7
08284bc,43844a7
3b2ee53,43844a7
2c4faa1,43844a7
3a0e49f,43844a7
dfa1546,43844a7
f3a629c,43844a7
f056536,43844a7
da5a13f,43844a7
b8bdf21,43844a7
83b7e75,43844a7
927fb18,43844a7
8431ffa,43844a7
7498cc0,43844a7
5cc29f6,43844a7
c6c2328,43844a7
1fbf24c,43844a7
d724131,43844a7
a90e786,43844a7
bc214e8,43844a7
6bd8d6e,43844a7
6b7bc9e,43844a7
2a816a5,43844a7
9a7f8d2,43844a7
1f0bd8f,8a59754
b36b67d,8a59754
ac65a02,8a59754
8355b21,8a59754
a4bf996,8a59754
6e2df44,8a59754
9922008,8a59754
fbb9886,8a59754
5bc52ea,8a59754
a799f17,8a59754
adb161c,8a59754
17137c3,8a59754
1e4c39f,8a59754
360790e,8a59754
b31c3d7,8a59754
7589975,8a59754
4e439ad,8a59754
a1539bf,8a59754
e539f63,963d6c9
e47f624,963d6c9
fbb9886,e8b160a
fbb9886,c89d650
85168f7,c89d650
ad72b9a,c89d650
1030536,faedd2b
d1c16d4,5c39c18
6d7c130,5c39c18
18ea21e,5c39c18
d5e9b4a,5c39c18
130315b,5c39c18
32647e2,5c39c18
d12e641,5c39c18
6035bbf,5c39c18
f7fdd6f,5c39c18
37ed344,5c39c18
bce3180,5c39c18
4be4d85,5c39c18
f1b8684,5c39c18
4ee2e5c,44b1701
f68b009,d66c043
202ccdc,e2ca50c
d94746b,16a5744
216965a,222693b
9ded403,222693b
60f1c74,222693b
c657b5e,7c24f91
293d45a,7c24f91
e0fef5c,b5b99c7
860ee8b,b5b99c7
a225264,b5b99c7
f9c551b,b5b99c7
1172691,f613801
770b1dd,f613801
fa21d1f,f613801
44bbe5b,f613801
8cb8f75,f613801
596d7e4,f613801
9cb6be8,f613801
fd507cf,f613801
f66cab0,f613801
c5a6bd9,f613801
38c1cab,f613801
2f31d0c,f613801
f9c551b,f613801
6d3fa23,f613801
9f766c7,f613801
293d45a,f613801
e3b6d1f,f613801
5c5b959,f613801
ffc9ced,f613801
6c36c50,1d7d78e
eefa2ab,727faae
96501a8,727faae
f3b55df,727faae
571c177,85875db
5c39c18,49ac807
c9928ea,fd7d23a
e525cc22,fd7d23a
9bd75d2,fd7d23a
965dcd9,fd7d23a
f76dfe4,f43a1d0
04c15d0,600b503
e87e8fc,600b503
79903e4,600b503
33107ab,600b503
c4266e9,600b503
e6a5206,600b503
951046e,600b503
9f2aca5,600b503
693d7c8,600b503
672481d,600b503
c6c2328,600b503
4f46532,600b503
f152ff3,600b503
ce27573,600b503
f73de6a,600b503
f4fc408,600b503
6b5745a,600b503
87def42,a22c8c0
07736d7,a22c8c0
0fcac6a,a22c8c0
598017b,a22c8c0
cc3fb0c,4ee2e5c
cc3fb0c,f9775c2
